"Id","RaceID","Course","Time","Dist","RaceDesc","Class","AgeLimit","Value","Going","Run","No","Draw","Form","Horse","Days","CDB","Age","Weight","Aid","Trainer","Jockey","Allow","OR","BR2","BR3","BRY","Odds","WtLbs"
1,1,"Doncaster","11:55","3m 84y","La-Z-Boy At KC Sofas Handicap Hurdle","3","3YO plus","5,809","Good to Soft","3","1",,"3PP215","Butler's Brief","14",,"8","12-0","p","A Ralph","Nick Scholfield",,"122","130","130","130","15/8","168"
2,1,"Doncaster","11:55","3m 84y","La-Z-Boy At KC Sofas Handicap Hurdle","3","3YO plus","5,809","Good to Soft","3","2",,"2118P1","Jaytee","14","CD","8","11-7","p","Ian Williams","Sam Twiston-Davies",,"115","124","124","124","1/1","161"
3,1,"Doncaster","11:55","3m 84y","La-Z-Boy At KC Sofas Handicap Hurdle","3","3YO plus","5,809","Good to Soft","3","3",,"3/341-53","Fabuleux Du Clos (FR)","76","bf","8","11-0","t p1","S G West","Jack Quinlan",,"108","114","124","124","7/2","154"
4,2,"Doncaster","12:30","2m 128y","Ace.Odds Fillies' Juvenile Maiden Hurdle (GBB Race)","4","3YO only","4,357","Good to Soft","10","1",,,"Brora Breeze","(104F)",,"3","11-0","","Rebecca Menzies","Danny McMenamin",,"-","0","0","0","8/1","154"
5,2,"Doncaster","12:30","2m 128y","Ace.Odds Fillies' Juvenile Maiden Hurdle (GBB Race)","4","3YO only","4,357","Good to Soft","10","2",,,"Clenched","(58F)",,"3","11-0","","Miss J Feilden","Jack Quinlan",,"-","0","0","0","25/1","154"
6,2,"Doncaster","12:30","2m 128y","Ace.Odds Fillies' Juvenile Maiden Hurdle (GBB Race)","4","3YO only","4,357","Good to Soft","10","3",,"5","Ezmerellda","28",,"3","11-0","","A King","Tom Cannon",,"-","101","101","101","6/1","154"
7,2,"Doncaster","12:30","2m 128y","Ace.Odds Fillies' Juvenile Maiden Hurdle (GBB Race)","4","3YO only","4,357","Good to Soft","10","4",,,"Leazy Lindsay","(63F)",,"3","11-0","","Anthony Charlton","Harry Reed",,"-","0","0","0","14/1","154"
8,2,"Doncaster","12:30","2m 128y","Ace.Odds Fillies' Juvenile Maiden Hurdle (GBB Race)","4","3YO only","4,357","Good to Soft","10","5",,,"Love True (FR)","(75F)",,"3","11-0","","Greenhall & Guerriero","Toby Wynne","3","-","0","0","0","5/2","154"
9,2,"Doncaster","12:30","2m 128y","Ace.Odds Fillies' Juvenile Maiden Hurdle (GBB Race)","4","3YO only","4,357","Good to Soft","10","6",,,"Miss Raindrop","(143F)",,"3","11-0","","Miss Tracy Waggott","Tom Midgley","3","-","0","0","0","25/1","154"
10,2,"Doncaster","12:30","2m 128y","Ace.Odds Fillies' Juvenile Maiden Hurdle (GBB Race)","4","3YO only","4,357","Good to Soft","10","7",,"8","Oceana Orange","45",,"3","11-0","","L J Morgan","Adam Wedge",,"-","0","0","0","16/1","154"
11,2,"Doncaster","12:30","2m 128y","Ace.Odds Fillies' Juvenile Maiden Hurdle (GBB Race)","4","3YO only","4,357","Good to Soft","10","8",,"23","Ruler Of The River","13",,"3","11-0","t","S England","Jonathan England",,"87","99","99","99","20/1","154"
12,2,"Doncaster","12:30","2m 128y","Ace.Odds Fillies' Juvenile Maiden Hurdle (GBB Race)","4","3YO only","4,357","Good to Soft","10","9",,"3","Therapist","9","bf","3","11-0","","N J Henderson","N de Boinville",,"-","95","95","95","7/4","154"
13,2,"Doncaster","12:30","2m 128y","Ace.Odds Fillies' Juvenile Maiden Hurdle (GBB Race)","4","3YO only","4,357","Good to Soft","10","10",,"35","Zooks (FR)","21",,"3","11-0","","Ian Williams","C J Todd",,"-","82","82","82","20/1","154"
14,3,"Doncaster","13:05","2m 78y","Always Trying Racing Syndicate Novices' Limited Handicap Chase (GBB Race)","3","4YO plus","6,337","Good to Soft","5","1",,"805-041","Onemorefortheroad","13","CD","8","11-10","p","N B King","Jack Quinlan",,"129","137","137","137","7/4","164"
15,3,"Doncaster","13:05","2m 78y","Always Trying Racing Syndicate Novices' Limited Handicap Chase (GBB Race)","3","4YO plus","6,337","Good to Soft","5","2",,"1524-P2","Parisencore (FR)","55","D","7","11-8","","N G Richards","Danny McMenamin",,"127","136","136","136","9/2","162"
16,3,"Doncaster","13:05","2m 78y","Always Trying Racing Syndicate Novices' Limited Handicap Chase (GBB Race)","3","4YO plus","6,337","Good to Soft","5","3",,"2P30-92","Ukantango","30","D","6","11-2","","Olly Murphy","S Bowen",,"121","134","134","134","4/1","156"
17,3,"Doncaster","13:05","2m 78y","Always Trying Racing Syndicate Novices' Limited Handicap Chase (GBB Race)","3","4YO plus","6,337","Good to Soft","5","4",,"3124-53","Richhill","28",,"6","10-11","t","D Skelton","Harry Skelton",,"116","132","132","132","8/1","151"
18,3,"Doncaster","13:05","2m 78y","Always Trying Racing Syndicate Novices' Limited Handicap Chase (GBB Race)","3","4YO plus","6,337","Good to Soft","5","5",,"F325-81","Chanceux","13","D","7","10-9","h","A Ralph","Brendan Powell",,"114","135","135","140","3/1","149"
19,4,"Doncaster","13:40","2m 4f 115y","KC Sofas Doncaster Yorkshire Silver Vase Mares' Chase (Listed) (GBB Race)","1","4YO plus","42,202","Good to Soft","8","1",,"U/1023-5","Fantastic Lady (FR)","48","D C","8","11-6","","N J Henderson","N de Boinville",,"144","158","158","158","4/1","160"
20,4,"Doncaster","13:40","2m 4f 115y","KC Sofas Doncaster Yorkshire Silver Vase Mares' Chase (Listed) (GBB Race)","1","4YO plus","42,202","Good to Soft","8","2",,"1311-41","Pink Legend","9","D","9","11-6","","Miss V Williams","Charlie Deutsch",,"142","151","151","159","9/2","160"
21,4,"Doncaster","13:40","2m 4f 115y","KC Sofas Doncaster Yorkshire Silver Vase Mares' Chase (Listed) (GBB Race)","1","4YO plus","42,202","Good to Soft","8","3",,"21124-1","Zambella (FR)","20","CD","8","11-6","","N A Twiston-Davies","Sam Twiston-Davies",,"144","158","158","161","3/1","160"
22,4,"Doncaster","13:40","2m 4f 115y","KC Sofas Doncaster Yorkshire Silver Vase Mares' Chase (Listed) (GBB Race)","1","4YO plus","42,202","Good to Soft","8","4",,"423F34","Walk In Clover","14","D","6","11-5","","D Skelton","Harry Skelton",,"121","132","132","132","20/1","159"
23,4,"Doncaster","13:40","2m 4f 115y","KC Sofas Doncaster Yorkshire Silver Vase Mares' Chase (Listed) (GBB Race)","1","4YO plus","42,202","Good to Soft","8","5",,"1123-12","Limerick Lace","40","D bf","6","11-4","","G P Cromwell","Jonjo O'Neill Jr.",,"145","156","156","156","9/4","158"
24,4,"Doncaster","13:40","2m 4f 115y","KC Sofas Doncaster Yorkshire Silver Vase Mares' Chase (Listed) (GBB Race)","1","4YO plus","42,202","Good to Soft","8","6",,"1465-33","Carole's Pass (FR)","39",,"5","11-2","","Amy Murphy","Jack Quinlan",,"125","133","133","133","16/1","156"
25,4,"Doncaster","13:40","2m 4f 115y","KC Sofas Doncaster Yorkshire Silver Vase Mares' Chase (Listed) (GBB Race)","1","4YO plus","42,202","Good to Soft","8","7",,"113-12P","La Renommee (FR)","20","D","5","11-2","","Dr Richard Newland & Jamie Insole","Charlie Hammond",,"127","145","145","145","14/1","156"
26,4,"Doncaster","13:40","2m 4f 115y","KC Sofas Doncaster Yorkshire Silver Vase Mares' Chase (Listed) (GBB Race)","1","4YO plus","42,202","Good to Soft","8","8",,"5P42-82","Royale Margaux (FR)","14",,"5","11-2","t","T Symonds","Benjamin Poste",,"126","144","144","144","16/1","156"
27,5,"Doncaster","14:15","2m 3f 88y","kcsofas.co.uk British EBF 'National Hunt' Novices' Hurdle (GBB Race)","4","4YO to 6YO","4,357","Good to Soft","13","1",,"4-21172","Parade Away","13","D bf","5","11-6","t","Anthony Charlton","Bradley Harris","5","123","128","128","128","5/2","160"
28,5,"Doncaster","14:15","2m 3f 88y","kcsofas.co.uk British EBF 'National Hunt' Novices' Hurdle (GBB Race)","4","4YO to 6YO","4,357","Good to Soft","13","2",,"25-53","Banteer","17",,"5","11-0","","P F Nicholls","H Cobden",,"-","101","101","101","7/1","154"
29,5,"Doncaster","14:15","2m 3f 88y","kcsofas.co.uk British EBF 'National Hunt' Novices' Hurdle (GBB Race)","4","4YO to 6YO","4,357","Good to Soft","13","3",,"4/1-3","Bhaloo","46",,"5","11-0","","N J Henderson","N de Boinville",,"-","128","128","128","9/4","154"
30,5,"Doncaster","14:15","2m 3f 88y","kcsofas.co.uk British EBF 'National Hunt' Novices' Hurdle (GBB Race)","4","4YO to 6YO","4,357","Good to Soft","13","4",,"2-4","Casual Observer","22",,"4","11-0","","Harry Derham","Paul O'Brien",,"-","0","0","0","12/1","154"
31,5,"Doncaster","14:15","2m 3f 88y","kcsofas.co.uk British EBF 'National Hunt' Novices' Hurdle (GBB Race)","4","4YO to 6YO","4,357","Good to Soft","13","5",,"724-P","Champetre","61",,"5","11-0","p","Oliver Signy","James Davies",,"-","0","0","0","14/1","154"
32,5,"Doncaster","14:15","2m 3f 88y","kcsofas.co.uk British EBF 'National Hunt' Novices' Hurdle (GBB Race)","4","4YO to 6YO","4,357","Good to Soft","13","6",,"1343-U2","Dancing In Brazil","32",,"4","11-0","","A King","Tom Cannon",,"-","121","121","121","6/1","154"
33,5,"Doncaster","14:15","2m 3f 88y","kcsofas.co.uk British EBF 'National Hunt' Novices' Hurdle (GBB Race)","4","4YO to 6YO","4,357","Good to Soft","13","7",,"7","Garitsa Bay","36",,"5","11-0","","Ian Williams","C J Todd",,"-","0","0","0","25/1","154"
34,5,"Doncaster","14:15","2m 3f 88y","kcsofas.co.uk British EBF 'National Hunt' Novices' Hurdle (GBB Race)","4","4YO to 6YO","4,357","Good to Soft","13","8",,"5/6","Luke The Drifter","37",,"6","11-0","","H D Daly","Sam Twiston-Davies",,"-","84","84","84","66/1","154"
35,5,"Doncaster","14:15","2m 3f 88y","kcsofas.co.uk British EBF 'National Hunt' Novices' Hurdle (GBB Race)","4","4YO to 6YO","4,357","Good to Soft","13","9",,"6-4","Montecam","232",,"4","11-0","","N J Henderson","James Bowen",,"-","0","0","0","8/1","154"
36,5,"Doncaster","14:15","2m 3f 88y","kcsofas.co.uk British EBF 'National Hunt' Novices' Hurdle (GBB Race)","4","4YO to 6YO","4,357","Good to Soft","13","10",,"F-P4","Nothinelsematters","230",,"5","11-0","","A M Hales","Harry Bannister",,"-","0","0","0","33/1","154"
37,5,"Doncaster","14:15","2m 3f 88y","kcsofas.co.uk British EBF 'National Hunt' Novices' Hurdle (GBB Race)","4","4YO to 6YO","4,357","Good to Soft","13","11",,,"Ronnies Reflection",,,"5","11-0","t1","B I Case","Jack Quinlan",,"-","0","0","0","33/1","154"
38,5,"Doncaster","14:15","2m 3f 88y","kcsofas.co.uk British EBF 'National Hunt' Novices' Hurdle (GBB Race)","4","4YO to 6YO","4,357","Good to Soft","13","12",,"6/53-P6","Warrior's Fate","12",,"6","11-0","","C & A Pogson","R T Dunne",,"-","85","85","85","50/1","154"
39,5,"Doncaster","14:15","2m 3f 88y","kcsofas.co.uk British EBF 'National Hunt' Novices' Hurdle (GBB Race)","4","4YO to 6YO","4,357","Good to Soft","13","13",,"0-66","Braunton Burrows","30",,"4","10-7","","Miss Sarah-jayne Davies","Tabitha Worsley","3","-","0","0","0","66/1","147"
40,6,"Doncaster","14:45","2m 7f 214y","Watch Off The Fence On attheraces.com Handicap Chase","3","4YO plus","6,337","Good to Soft","6","1",,"9-4404P","A Wave Of The Sea","20",,"7","12-2","","B M R Haslam","Jonjo O'Neill Jr.",,"142","145","145","145","8/1","170"
41,6,"Doncaster","14:45","2m 7f 214y","Watch Off The Fence On attheraces.com Handicap Chase","3","4YO plus","6,337","Good to Soft","6","2",,"2P1-931","Twinjets","14","CD","6","11-11","","P F Nicholls","H Cobden",,"137","145","145","145","1/1","165"
42,6,"Doncaster","14:45","2m 7f 214y","Watch Off The Fence On attheraces.com Handicap Chase","3","4YO plus","6,337","Good to Soft","6","3",,"2408-0P","Erne River","41","C","8","11-8","p1","Nick Kent","Charlie Hammond",,"134","52","52","52","7/1","162"
43,6,"Doncaster","14:45","2m 7f 214y","Watch Off The Fence On attheraces.com Handicap Chase","3","4YO plus","6,337","Good to Soft","6","4",,"96P9-4P","Lord Accord","62","D","8","11-5","t p","N P Mulholland","Charlie Deutsch",,"131","139","139","139","6/1","159"
44,6,"Doncaster","14:45","2m 7f 214y","Watch Off The Fence On attheraces.com Handicap Chase","3","4YO plus","6,337","Good to Soft","6","5",,"P952P-P","One More Fleurie","51","CD","9","10-3","","Ian Williams","C J Todd",,"115","0","148","151","20/1","143"
45,6,"Doncaster","14:45","2m 7f 214y","Watch Off The Fence On attheraces.com Handicap Chase","3","4YO plus","6,337","Good to Soft","6","6",,"413-583","Dreaming Blue","23","C","6","10-2","t","A J Honeyball","Rex Dingle",,"114","145","145","150","4/1","142"
46,7,"Doncaster","15:20","2m 128y","Sky Sports Racing Sky 415 Conditional Jockeys' Handicap Hurdle","4","3YO plus","4,225","Good to Soft","5","1",,"122214-","Rewired","277","D","5","12-0","","Dr Richard Newland & Jamie Insole","Luke Scott","3","115","122","122","122","7/2","168"
47,7,"Doncaster","15:20","2m 128y","Sky Sports Racing Sky 415 Conditional Jockeys' Handicap Hurdle","4","3YO plus","4,225","Good to Soft","5","2",,"1222-01","Tintintin (FR)","18","D","4","12-0","t","F O'Brien","Jack Hogan","3","115","116","116","116","2/1","168"
48,7,"Doncaster","15:20","2m 128y","Sky Sports Racing Sky 415 Conditional Jockeys' Handicap Hurdle","4","3YO plus","4,225","Good to Soft","5","3",,"23-51","Wholeofthemoon","14","C","4","11-9","h","D McCain Jnr","Peter Kavanagh","3","110","116","116","116","11/4","163"
49,7,"Doncaster","15:20","2m 128y","Sky Sports Racing Sky 415 Conditional Jockeys' Handicap Hurdle","4","3YO plus","4,225","Good to Soft","5","4",,"023-412","East End Girl","42 (7F)","D bf","6","11-0","","A Ralph","Jay Tidball","3","101","117","117","117","3/1","154"
50,7,"Doncaster","15:20","2m 128y","Sky Sports Racing Sky 415 Conditional Jockeys' Handicap Hurdle","4","3YO plus","4,225","Good to Soft","5","5",,"1776/5-7","Whyzzat","30",,"5","10-8","","Miss Sarah-jayne Davies","Tabitha Worsley",,"95","0","0","0","33/1","148"
51,8,"Kelso","12:10","2m 6f 151y","Belhaven Brewery Novices' Hurdle (GBB Race)","4","4YO plus","4,357","Good to Soft","9","1",,"P11-1","Great Pepper (FR)","49",,"5","11-7","","James Moffatt","Charlotte Jones","3","-","120","120","120","5/2","161"
52,8,"Kelso","12:10","2m 6f 151y","Belhaven Brewery Novices' Hurdle (GBB Race)","4","4YO plus","4,357","Good to Soft","9","2",,"FFP51-1","Johnny Dogs","211",,"6","11-7","","Mrs Corbett","Sam Coltherd",,"-","115","115","115","6/1","161"
53,8,"Kelso","12:10","2m 6f 151y","Belhaven Brewery Novices' Hurdle (GBB Race)","4","4YO plus","4,357","Good to Soft","9","3",,"21-4","Clovis Island","49","bf","5","11-0","","N G Richards","Sean Quinlan",,"-","108","108","108","4/1","154"
54,8,"Kelso","12:10","2m 6f 151y","Belhaven Brewery Novices' Hurdle (GBB Race)","4","4YO plus","4,357","Good to Soft","9","4",,"3FF4-5P","Greyrobin Star","64",,"7","11-0","t1","G T Bewley","Edward Austin","5","-","0","0","0","50/1","154"
55,8,"Kelso","12:10","2m 6f 151y","Belhaven Brewery Novices' Hurdle (GBB Race)","4","4YO plus","4,357","Good to Soft","9","5",,"3F2-5","Lahardaun","49",,"6","11-0","","G T Bewley","Jonathon Bewley",,"-","100","100","100","25/1","154"
56,8,"Kelso","12:10","2m 6f 151y","Belhaven Brewery Novices' Hurdle (GBB Race)","4","4YO plus","4,357","Good to Soft","9","6",,"3P-00","Mount Falcon","41",,"5","11-0","","W T Reed","S Mulqueen",,"-","24","24","24","100/1","154"
57,8,"Kelso","12:10","2m 6f 151y","Belhaven Brewery Novices' Hurdle (GBB Race)","4","4YO plus","4,357","Good to Soft","9","7",,"4","Beat The Boum","242",,"4","10-13","","Mrs Jacqueline Stephen","Jamie Hamilton",,"-","0","0","0","25/1","153"
58,8,"Kelso","12:10","2m 6f 151y","Belhaven Brewery Novices' Hurdle (GBB Race)","4","4YO plus","4,357","Good to Soft","9","8",,"81-22","To Chase A Dream","41",,"4","10-13","","Paul Collins","Mr John Dawson","3","114","131","131","131","3/1","153"
59,8,"Kelso","12:10","2m 6f 151y","Belhaven Brewery Novices' Hurdle (GBB Race)","4","4YO plus","4,357","Good to Soft","9","9",,"632-","Somebody's Fortune","251",,"5","10-7","","Miss Lucinda V Russell","Alan Doyle","5","-","0","0","0","4/1","147"
60,9,"Kelso","12:45","2m 6f 151y","Slainte Mhath Handicap Hurdle","3","3YO plus","7,922","Good to Soft","8","1",,"214-898","Schalke","12","CD","8","12-0","v1","Rebecca Menzies","William Maggs","7","122","126","126","126","10/1","168"
61,9,"Kelso","12:45","2m 6f 151y","Slainte Mhath Handicap Hurdle","3","3YO plus","7,922","Good to Soft","8","2",,"2321-62","Hashtag Boum (FR)","31","CD bf","6","11-6","","Ruth Jefferson","Henry Brooke",,"114","119","125","125","9/4","160"
62,9,"Kelso","12:45","2m 6f 151y","Slainte Mhath Handicap Hurdle","3","3YO plus","7,922","Good to Soft","8","3",,"P/303-2","Imaginary Dragon (FR)","36",,"5","11-2","","A M Thomson","Ryan Mania",,"110","122","122","122","7/2","156"
63,9,"Kelso","12:45","2m 6f 151y","Slainte Mhath Handicap Hurdle","3","3YO plus","7,922","Good to Soft","8","4",,"1F43P-4","Paddy The Horse","48",,"8","11-2","","G T Bewley","Jonathon Bewley",,"110","0","0","0","12/1","156"
64,9,"Kelso","12:45","2m 6f 151y","Slainte Mhath Handicap Hurdle","3","3YO plus","7,922","Good to Soft","8","5",,"142-18","Dunnet Head","18","bf","5","11-2","","I Jardine","B S Hughes",,"110","129","129","129","6/1","156"
65,9,"Kelso","12:45","2m 6f 151y","Slainte Mhath Handicap Hurdle","3","3YO plus","7,922","Good to Soft","8","6",,"4312-63","Kingston Bridge","37","C","5","11-1","","Ewan Whillans","Craig Nichol",,"109","129","129","129","8/1","155"
66,9,"Kelso","12:45","2m 6f 151y","Slainte Mhath Handicap Hurdle","3","3YO plus","7,922","Good to Soft","8","7",,"5/5453-6","Mack The Man","18",,"9","11-0","","N W Alexander","Mr Kit Alexander","5","108","118","118","118","12/1","154"
67,9,"Kelso","12:45","2m 6f 151y","Slainte Mhath Handicap Hurdle","3","3YO plus","7,922","Good to Soft","8","8",,"561F-64","So Many Roads","36","bf","6","10-7","","D W Whillans","Sean Quinlan",,"101","122","122","126","6/1","147"
68,10,"Kelso","13:20","2m 1f 14y","Visit Kelso In 2024 Handicap Chase","3","4YO plus","7,922","Good to Soft","5","1",,"4P88-8F","Cilaos Emery (FR)","23","D","11","12-0","h","Mrs S Leech","Miss Roisin Leech","7","130","141","141","141","7/1","168"
69,10,"Kelso","13:20","2m 1f 14y","Visit Kelso In 2024 Handicap Chase","3","4YO plus","7,922","Good to Soft","5","2",,"540-473","Ganapathi (FR)","35",,"7","11-7","t v1","R Michael Smith","G Sheehan",,"123","127","127","128","4/1","161"
70,10,"Kelso","13:20","2m 1f 14y","Visit Kelso In 2024 Handicap Chase","3","4YO plus","7,922","Good to Soft","5","3",,"546-329","Gold Des Bois (FR)","42","CD","9","11-5","t","I Jardine","B S Hughes",,"121","135","135","144","9/2","159"
71,10,"Kelso","13:20","2m 1f 14y","Visit Kelso In 2024 Handicap Chase","3","4YO plus","7,922","Good to Soft","5","4",,"12113-3","Traprain Law (FR)","55","D C","5","11-4","t","Miss Lucinda V Russell","P W Wadge","3","120","128","128","128","11/4","158"
72,10,"Kelso","13:20","2m 1f 14y","Visit Kelso In 2024 Handicap Chase","3","4YO plus","7,922","Good to Soft","5","5",,"3416-42","Duty Calls","48","CD","10","10-2","","Miss S E Forster","Lewis Stones","3","104","129","129","129","2/1","142"
73,11,"Kelso","13:55","2m 6f 70y","Children's Immunology Trust Supporting CHAS Novices' Limited Handicap Chase (GBB Race)","3","4YO plus","8,450","Good to Soft","5","1",,"112F1-5","Imperial Merlin","48","D bf","6","11-12","","J J Quinn","Henry Brooke",,"127","0","0","0","4/1","166"
74,11,"Kelso","13:55","2m 6f 70y","Children's Immunology Trust Supporting CHAS Novices' Limited Handicap Chase (GBB Race)","3","4YO plus","8,450","Good to Soft","5","2",,"1/614-11","Young Buster","30","C","7","11-12","","F O'Brien","Liam Harrison",,"127","132","132","132","7/4","166"
75,11,"Kelso","13:55","2m 6f 70y","Children's Immunology Trust Supporting CHAS Novices' Limited Handicap Chase (GBB Race)","3","4YO plus","8,450","Good to Soft","5","3",,"423/225","Overcourt","30",,"9","11-2","","W Coltherd","Sam Coltherd",,"117","137","137","137","8/1","156"
76,11,"Kelso","13:55","2m 6f 70y","Children's Immunology Trust Supporting CHAS Novices' Limited Handicap Chase (GBB Race)","3","4YO plus","8,450","Good to Soft","5","4",,"36225-1","Gentleman De Mai (FR)","48","C","7","11-0","t v","Mrs R Dobbin","Craig Nichol",,"115","136","136","136","3/1","154"
77,11,"Kelso","13:55","2m 6f 70y","Children's Immunology Trust Supporting CHAS Novices' Limited Handicap Chase (GBB Race)","3","4YO plus","8,450","Good to Soft","5","5",,"P422-42","Domandlouis","62","C","6","10-5","p","Miss Lucinda V Russell","D R Fox",,"106","135","135","135","9/2","145"
78,12,"Kelso","14:28","2m 2f 25y","Every Race Live On Racing TV Mares' Handicap Hurdle","4","3YO plus","4,753","Good to Soft","7","1",,"32-5313","Ip Up (FR)","29","D","5","12-0","","Jedd O'Keeffe","Craig Nichol",,"115","127","127","127","3/1","168"
79,12,"Kelso","14:28","2m 2f 25y","Every Race Live On Racing TV Mares' Handicap Hurdle","4","3YO plus","4,753","Good to Soft","7","2",,"5323-5P","Parvos","62",,"6","11-6","t","A M Thomson","Ryan Mania",,"107","102","109","110","6/1","160"
80,12,"Kelso","14:28","2m 2f 25y","Every Race Live On Racing TV Mares' Handicap Hurdle","4","3YO plus","4,753","Good to Soft","7","3",,"80/1531-","Nell's Bells","258",,"7","11-3","","D McCain Jnr","Theo Gillard",,"104","111","111","111","7/2","157"
81,12,"Kelso","14:28","2m 2f 25y","Every Race Live On Racing TV Mares' Handicap Hurdle","4","3YO plus","4,753","Good to Soft","7","4",,"27121-6","Atlantic Dancer","36","CD","10","11-1","","N W Alexander","Bruce Lynn","3","102","122","122","122","7/1","155"
82,12,"Kelso","14:28","2m 2f 25y","Every Race Live On Racing TV Mares' Handicap Hurdle","4","3YO plus","4,753","Good to Soft","7","5",,"P/2-1542","Similar Story","30",,"5","11-0","","W Coltherd","Sam Coltherd",,"101","106","106","106","6/1","154"
83,12,"Kelso","14:28","2m 2f 25y","Every Race Live On Racing TV Mares' Handicap Hurdle","4","3YO plus","4,753","Good to Soft","7","6",,"396792","Line In The Sand","50",,"5","10-6","","G T Bewley","Jonathon Bewley",,"93","119","119","120","6/1","146"
84,12,"Kelso","14:28","2m 2f 25y","Every Race Live On Racing TV Mares' Handicap Hurdle","4","3YO plus","4,753","Good to Soft","7","7",,"246-68","Prontoanita (FR)","18",,"4","10-2","","I Jardine","B S Hughes",,"89","114","114","114","15/2","142"
85,13,"Kelso","15:02","2m 51y","Racing TV Maiden Hurdle (GBB Race)","4","4YO plus","4,753","Good to Soft","14","1",,"3F423-5","Ballyfort","55",,"5","11-4","h1","N W Alexander","Bruce Lynn","3","-","118","118","118","8/1","158"
86,13,"Kelso","15:02","2m 51y","Racing TV Maiden Hurdle (GBB Race)","4","4YO plus","4,753","Good to Soft","14","2",,"24/","Boot 'n' Shoe","696",,"5","11-4","","Rebecca Menzies","Nathan Moscrop",,"-","0","0","0","10/1","158"
87,13,"Kelso","15:02","2m 51y","Racing TV Maiden Hurdle (GBB Race)","4","4YO plus","4,753","Good to Soft","14","3",,"9-237","Breizh River (FR)","43",,"5","11-4","","Paul Robson","Craig Nichol",,"-","85","85","85","33/1","158"
88,13,"Kelso","15:02","2m 51y","Racing TV Maiden Hurdle (GBB Race)","4","4YO plus","4,753","Good to Soft","14","4",,"5676-","Dapper Gent","447",,"6","11-4","t","M A Barnes","Conor Rabbitt","5","-","0","0","0","100/1","158"
89,13,"Kelso","15:02","2m 51y","Racing TV Maiden Hurdle (GBB Race)","4","4YO plus","4,753","Good to Soft","14","5",,"5/P1-445","Dream Boy","18",,"5","11-4","","W Coltherd","Sam Coltherd",,"-","122","122","122","12/1","158"
90,13,"Kelso","15:02","2m 51y","Racing TV Maiden Hurdle (GBB Race)","4","4YO plus","4,753","Good to Soft","14","6",,"7-0","Flying Sandpiper","48",,"4","11-4","","Mrs Jacqueline Stephen","Jamie Hamilton",,"-","0","0","0","100/1","158"
91,13,"Kelso","15:02","2m 51y","Racing TV Maiden Hurdle (GBB Race)","4","4YO plus","4,753","Good to Soft","14","7",,,"Foshan","(19F)",,"4","11-4","p","Adam Nicol","P W Wadge","3","-","0","0","0","33/1","158"
92,13,"Kelso","15:02","2m 51y","Racing TV Maiden Hurdle (GBB Race)","4","4YO plus","4,753","Good to Soft","14","8",,"16","Hazy Glen (FR)","40","D","4","11-4","","M & D Easterby","Henry Brooke",,"-","0","0","0","7/2","158"
93,13,"Kelso","15:02","2m 51y","Racing TV Maiden Hurdle (GBB Race)","4","4YO plus","4,753","Good to Soft","14","9",,"P2-F14","Isholo Du Vivien (FR)","27",,"5","11-4","","D McCain Jnr","B S Hughes",,"-","0","0","0","5/1","158"
94,13,"Kelso","15:02","2m 51y","Racing TV Maiden Hurdle (GBB Race)","4","4YO plus","4,753","Good to Soft","14","10",,"8-0","Master Bricklayer","18",,"5","11-4","","N W Alexander","Sean Quinlan",,"-","44","44","44","66/1","158"
95,13,"Kelso","15:02","2m 51y","Racing TV Maiden Hurdle (GBB Race)","4","4YO plus","4,753","Good to Soft","14","11",,"3-9","Northern Cardinal (FR)","48",,"4","11-4","","Miss Lucinda V Russell","S Mulqueen",,"-","0","0","0","14/1","158"
96,13,"Kelso","15:02","2m 51y","Racing TV Maiden Hurdle (GBB Race)","4","4YO plus","4,753","Good to Soft","14","12",,"2-","Walk On Quest","278",,"4","11-4","t1","Miss Lucinda V Russell","D R Fox",,"-","0","0","0","9/4","158"
97,13,"Kelso","15:02","2m 51y","Racing TV Maiden Hurdle (GBB Race)","4","4YO plus","4,753","Good to Soft","14","13",,"03","Wolfburg","54",,"4","11-4","","A M Thomson","Ryan Mania",,"-","0","0","0","16/1","158"
98,13,"Kelso","15:02","2m 51y","Racing TV Maiden Hurdle (GBB Race)","4","4YO plus","4,753","Good to Soft","14","14",,"4P-262","Miss Arabella","31",,"5","10-11","","A M Thomson","G Sheehan",,"-","117","117","117","10/1","151"
99,14,"Kelso","15:32","3m 2f 39y","AJA Amateur Jockeys' Handicap Chase","4","4YO plus","4,967","Good to Soft","6","1",,"416P-24","Just Don't Know","48","C","10","12-0","","Paul Robson","Mr Callum Pritchard","7","118","124","124","124","5/1","168"
100,14,"Kelso","15:32","3m 2f 39y","AJA Amateur Jockeys' Handicap Chase","4","4YO plus","4,967","Good to Soft","6","2",,"51538-8","Rath An Iuir","55","CD","10","11-8","v1","Mrs R Dobbin","Mr Nick Orpwood","3","112","105","119","122","12/1","162"
101,14,"Kelso","15:32","3m 2f 39y","AJA Amateur Jockeys' Handicap Chase","4","4YO plus","4,967","Good to Soft","6","3",,"F35-443","Camp Belan","30","CD","7","11-1","b1","Miss Lucinda V Russell","Mr Gregor Walkingshaw","7","105","123","123","128","7/2","155"
102,14,"Kelso","15:32","3m 2f 39y","AJA Amateur Jockeys' Handicap Chase","4","4YO plus","4,967","Good to Soft","6","4",,"126-414","Onestepatatime","31","D bf","8","10-10","p","J S Wainwright","Mr James King",,"100","124","124","124","4/1","150"
103,14,"Kelso","15:32","3m 2f 39y","AJA Amateur Jockeys' Handicap Chase","4","4YO plus","4,967","Good to Soft","6","5",,"P7-6863","Don Brocco","16",,"7","10-2","t p","Graham & Rutherford","Miss Lucy Brown","7","92","111","111","111","7/1","142"
104,14,"Kelso","15:32","3m 2f 39y","AJA Amateur Jockeys' Handicap Chase","4","4YO plus","4,967","Good to Soft","6","6",,"238-531","Gipsy Lee Rose (FR)","30","CD","9","10-2","t v","N W Alexander","Mr Paddy Hanlon","7","92","120","120","120","2/1","142"
105,15,"Southwell","16:00","1m 13y","Win 2,000,000 With BetMGM's Golden Goals Handicap (Div 1)","6","3YO plus","3,140","Standard (AW - Tapeta)","12","1","1","208-025","Sienna Breeze","22","D","5","9-10","p","Mrs L Wadham","S H James",,"61","71","71","71","5/1","136"
106,15,"Southwell","16:00","1m 13y","Win 2,000,000 With BetMGM's Golden Goals Handicap (Div 1)","6","3YO plus","3,140","Standard (AW - Tapeta)","12","2","9","494064","King Of York","7",,"4","9-10","p","S Dixon","Phil Dennis",,"61","73","73","78","6/1","136"
107,15,"Southwell","16:00","1m 13y","Win 2,000,000 With BetMGM's Golden Goals Handicap (Div 1)","6","3YO plus","3,140","Standard (AW - Tapeta)","12","3","3","126201","Mr Strutter","59","D C","9","9-9","","D Thompson","Elle-May Croot","7","60","75","75","75","4/1","135"
108,15,"Southwell","16:00","1m 13y","Win 2,000,000 With BetMGM's Golden Goals Handicap (Div 1)","6","3YO plus","3,140","Standard (AW - Tapeta)","12","4","8","67230","Lucky Protector","22",,"3","9-8","h","Ivan Furtado","T E Whelan",,"60","61","76","76","25/1","134"
109,15,"Southwell","16:00","1m 13y","Win 2,000,000 With BetMGM's Golden Goals Handicap (Div 1)","6","3YO plus","3,140","Standard (AW - Tapeta)","12","5","4","841960","Back From Dubai","114","CD","6","9-8","","Kevin Frost","Lewis Edmunds",,"59","64","64","76","20/1","134"
110,15,"Southwell","16:00","1m 13y","Win 2,000,000 With BetMGM's Golden Goals Handicap (Div 1)","6","3YO plus","3,140","Standard (AW - Tapeta)","12","6","7","8-08986","Captain Corelli","45","D","6","9-7","","Miss J A Camacho","Ryan Sexton","3","58","65","65","65","10/1","133"
111,15,"Southwell","16:00","1m 13y","Win 2,000,000 With BetMGM's Golden Goals Handicap (Div 1)","6","3YO plus","3,140","Standard (AW - Tapeta)","12","7","6","6-42465","Al Suil Eile (FR)","14","C","7","9-6","","S A Harris","Laura Pearson",,"57","66","72","74","12/1","132"
112,15,"Southwell","16:00","1m 13y","Win 2,000,000 With BetMGM's Golden Goals Handicap (Div 1)","6","3YO plus","3,140","Standard (AW - Tapeta)","12","8","12","0847","My Boy Benji","131",,"3","9-4","","S England","T Eaves",,"56","68","68","68","25/1","130"
113,15,"Southwell","16:00","1m 13y","Win 2,000,000 With BetMGM's Golden Goals Handicap (Div 1)","6","3YO plus","3,140","Standard (AW - Tapeta)","12","9","2","705102","Revoquable","22","CD","4","9-2","t","T D Easterby","D Allan",,"53","73","73","74","6/1","128"
114,15,"Southwell","16:00","1m 13y","Win 2,000,000 With BetMGM's Golden Goals Handicap (Div 1)","6","3YO plus","3,140","Standard (AW - Tapeta)","12","10","5","432065","Kodi Noir","14",,"3","9-1","h","Alice Haynes","K T O'Neill",,"53","71","71","76","8/1","127"
115,15,"Southwell","16:00","1m 13y","Win 2,000,000 With BetMGM's Golden Goals Handicap (Div 1)","6","3YO plus","3,140","Standard (AW - Tapeta)","12","11","11","096451","Equiami","22","CD","3","8-12","","P J McBride","A J Farragher",,"50","73","73","76","9/2","124"
116,15,"Southwell","16:00","1m 13y","Win 2,000,000 With BetMGM's Golden Goals Handicap (Div 1)","6","3YO plus","3,140","Standard (AW - Tapeta)","12","12","10","970989","Straitouttacompton","150 (54J)","D C","7","8-9","t","M C Chapman","Gina Mangan","3","46","59","59","74","100/1","121"
117,16,"Southwell","16:30","1m 13y","Win 2,000,000 With BetMGM's Golden Goals Handicap (Div 2)","6","3YO plus","3,140","Standard (AW - Tapeta)","12","1","3","409745","Amaysmont","20","D bf","6","9-10","","Kevin Frost","D Nolan",,"61","74","74","85","5/1","136"
118,16,"Southwell","16:30","1m 13y","Win 2,000,000 With BetMGM's Golden Goals Handicap (Div 2)","6","3YO plus","3,140","Standard (AW - Tapeta)","12","2","4","870504","Miss Britain","20","CD","4","9-9","","I W McInnes","Billy Garritty",,"60","59","70","85","8/1","135"
119,16,"Southwell","16:30","1m 13y","Win 2,000,000 With BetMGM's Golden Goals Handicap (Div 2)","6","3YO plus","3,140","Standard (AW - Tapeta)","12","3","10","882577","Locked N' Loaded","19",,"6","9-8","","A W Carroll","P J McDonald",,"59","71","71","76","12/1","134"
120,16,"Southwell","16:30","1m 13y","Win 2,000,000 With BetMGM's Golden Goals Handicap (Div 2)","6","3YO plus","3,140","Standard (AW - Tapeta)","12","4","12","5-336","David's Diva","24","bf","3","9-8","","B R Millman","Gina Mangan","3","60","69","74","74","6/1","134"
121,16,"Southwell","16:30","1m 13y","Win 2,000,000 With BetMGM's Golden Goals Handicap (Div 2)","6","3YO plus","3,140","Standard (AW - Tapeta)","12","5","2","100041","Camacho Star","14","D C","3","9-7","","K A Ryan","T Eaves",,"59","68","68","71","4/1","133"
122,16,"Southwell","16:30","1m 13y","Win 2,000,000 With BetMGM's Golden Goals Handicap (Div 2)","6","3YO plus","3,140","Standard (AW - Tapeta)","12","6","11","243756","Rose Light","24",,"4","9-6","","Gemma Tutty","Rowan Scott",,"57","66","66","81","8/1","132"
123,16,"Southwell","16:30","1m 13y","Win 2,000,000 With BetMGM's Golden Goals Handicap (Div 2)","6","3YO plus","3,140","Standard (AW - Tapeta)","12","7","8","635790","Nine Elms (USA)","13","D C","8","9-4","b","Kevin Frost","Lewis Edmunds",,"55","57","57","87","25/1","130"
124,16,"Southwell","16:30","1m 13y","Win 2,000,000 With BetMGM's Golden Goals Handicap (Div 2)","6","3YO plus","3,140","Standard (AW - Tapeta)","12","8","7","546567","Daafy (USA)","18","CD","6","9-4","v","D Shaw","Cam Hardie",,"55","66","66","79","16/1","130"
125,16,"Southwell","16:30","1m 13y","Win 2,000,000 With BetMGM's Golden Goals Handicap (Div 2)","6","3YO plus","3,140","Standard (AW - Tapeta)","12","9","1","888324","Martin's Brig","22","C bf","6","9-2","b","D Thompson","D Allan",,"53","68","68","79","11/2","128"
126,16,"Southwell","16:30","1m 13y","Win 2,000,000 With BetMGM's Golden Goals Handicap (Div 2)","6","3YO plus","3,140","Standard (AW - Tapeta)","12","10","9","600076","Big Narstie (FR)","22","C","5","9-1","","M Appleby","Harry Davies",,"52","69","69","88","12/1","127"
127,16,"Southwell","16:30","1m 13y","Win 2,000,000 With BetMGM's Golden Goals Handicap (Div 2)","6","3YO plus","3,140","Standard (AW - Tapeta)","12","11","6","8594","Maurices Men","22",,"3","8-11","","Jane Chapple-Hyam","Benoit D L Sayette",,"49","70","70","72","10/1","123"
128,16,"Southwell","16:30","1m 13y","Win 2,000,000 With BetMGM's Golden Goals Handicap (Div 2)","6","3YO plus","3,140","Standard (AW - Tapeta)","12","12","5","890700","Broomy Law","2",,"5","8-9","b","S Dixon","K T O'Neill",,"46","40","60","60","50/1","121"
129,17,"Southwell","17:00","1m 13y","BetMGM: It's Showtime Restricted Novice Stakes (GBB Race)","5","3YO to 5YO","4,104","Standard (AW - Tapeta)","8","1","2","72","On The Cards (FR)","34",,"3","9-7","","M P Tregoning","D C Costello",,"-","79","79","79","7/2","133"
130,17,"Southwell","17:00","1m 13y","BetMGM: It's Showtime Restricted Novice Stakes (GBB Race)","5","3YO to 5YO","4,104","Standard (AW - Tapeta)","8","2","5","362543","Leap Day","21",,"3","9-5","","T D Easterby","D Allan",,"71","82","82","87","3/1","131"
131,17,"Southwell","17:00","1m 13y","BetMGM: It's Showtime Restricted Novice Stakes (GBB Race)","5","3YO to 5YO","4,104","Standard (AW - Tapeta)","8","3","4","47-2343","Gold Aura","22","bf","3","9-2","p","Jack Jones","Dylan Hogan",,"69","89","89","91","2/1","128"
132,17,"Southwell","17:00","1m 13y","BetMGM: It's Showtime Restricted Novice Stakes (GBB Race)","5","3YO to 5YO","4,104","Standard (AW - Tapeta)","8","4","1","4","Pelissanne (FR)","56",,"3","9-2","","D Menuisier","Kyle Strydom",,"-","68","68","68","14/1","128"
133,17,"Southwell","17:00","1m 13y","BetMGM: It's Showtime Restricted Novice Stakes (GBB Race)","5","3YO to 5YO","4,104","Standard (AW - Tapeta)","8","5","6","5","Rocklyn","25",,"3","9-2","","S Dixon","Billy Loughnane",,"-","70","70","70","16/1","128"
134,17,"Southwell","17:00","1m 13y","BetMGM: It's Showtime Restricted Novice Stakes (GBB Race)","5","3YO to 5YO","4,104","Standard (AW - Tapeta)","8","6","8",,"Thelastwinterarrow",,,"3","9-2","","Dylan Cunha","K T O'Neill",,"-","0","0","0","14/1","128"
135,17,"Southwell","17:00","1m 13y","BetMGM: It's Showtime Restricted Novice Stakes (GBB Race)","5","3YO to 5YO","4,104","Standard (AW - Tapeta)","8","7","3","56","Teah","63",,"4","9-1","","A W Carroll","William Carson",,"-","68","68","68","20/1","127"
136,17,"Southwell","17:00","1m 13y","BetMGM: It's Showtime Restricted Novice Stakes (GBB Race)","5","3YO to 5YO","4,104","Standard (AW - Tapeta)","8","8","7","29","Catrake Force","22",,"3","9-0","","Grant Tuer","S H James",,"-","84","84","84","7/1","126"
137,18,"Southwell","17:30","1m 13y","Best Racing Odds Guaranteed At BetMGM Nursery","6","2YO only","3,140","Standard (AW - Tapeta)","9","1","9","533724","Green Sigma","23",,"2","9-10","p","George Boughey","Billy Loughnane",,"66","74","74","76","9/2","136"
138,18,"Southwell","17:30","1m 13y","Best Racing Odds Guaranteed At BetMGM Nursery","6","2YO only","3,140","Standard (AW - Tapeta)","9","2","1","845952","Glistening Nights (FR)","7",,"2","9-9","","R A Fahey","J Garritty",,"65","76","76","76","10/3","135"
139,18,"Southwell","17:30","1m 13y","Best Racing Odds Guaranteed At BetMGM Nursery","6","2YO only","3,140","Standard (AW - Tapeta)","9","3","2","95992","Finn Ironside","17",,"2","9-8","","Craig Lidster","S A Gray",,"64","71","71","74","5/1","134"
140,18,"Southwell","17:30","1m 13y","Best Racing Odds Guaranteed At BetMGM Nursery","6","2YO only","3,140","Standard (AW - Tapeta)","9","4","8","681134","Likeashadow","17","D bf","2","9-6","","A D Brown","Rowan Scott",,"62","77","77","77","4/1","132"
141,18,"Southwell","17:30","1m 13y","Best Racing Odds Guaranteed At BetMGM Nursery","6","2YO only","3,140","Standard (AW - Tapeta)","9","5","3","9461","Jazzy Angel","17","CD","2","9-6","","Harry Eustace","Hayley Turner",,"62","71","71","71","5/1","132"
142,18,"Southwell","17:30","1m 13y","Best Racing Odds Guaranteed At BetMGM Nursery","6","2YO only","3,140","Standard (AW - Tapeta)","9","6","7","5070","Roubay","34",,"2","9-4","","David Loughnane","Laura Pearson",,"60","61","61","82","20/1","130"
143,18,"Southwell","17:30","1m 13y","Best Racing Odds Guaranteed At BetMGM Nursery","6","2YO only","3,140","Standard (AW - Tapeta)","9","7","6","663633","Polly The Rocket","34",,"2","9-3","","Craig Lidster","T Eaves",,"59","72","72","80","8/1","129"
144,18,"Southwell","17:30","1m 13y","Best Racing Odds Guaranteed At BetMGM Nursery","6","2YO only","3,140","Standard (AW - Tapeta)","9","8","4","4090","Indication Court","35",,"2","9-3","p1","Craig Lidster","S H James",,"59","63","63","85","50/1","129"
145,18,"Southwell","17:30","1m 13y","Best Racing Odds Guaranteed At BetMGM Nursery","6","2YO only","3,140","Standard (AW - Tapeta)","9","9","5","0875","Good Morning Alex","88",,"2","8-3","","D & N Barron","A J Farragher",,"45","60","62","62","16/1","115"
146,19,"Southwell","18:00","1m 4f 15y","Always Gamble Responsibly With BetUK Handicap","2","3YO plus","13,190","Standard (AW - Tapeta)","11","1","3","6568-00","Aikhal","174",,"4","10-0","t","J A Osborne","Hayley Turner",,"98","85","85","85","20/1","140"
147,19,"Southwell","18:00","1m 4f 15y","Always Gamble Responsibly With BetUK Handicap","2","3YO plus","13,190","Standard (AW - Tapeta)","11","2","1","2155/","Mond (GER)","845",,"5","9-8","h1","J A Osborne","S W Kelly",,"92","0","0","0","14/1","134"
148,19,"Southwell","18:00","1m 4f 15y","Always Gamble Responsibly With BetUK Handicap","2","3YO plus","13,190","Standard (AW - Tapeta)","11","3","6","315416","Diamond Bay","107","D","5","9-8","","Tom Ward","P J McDonald",,"92","105","105","105","6/1","134"
149,19,"Southwell","18:00","1m 4f 15y","Always Gamble Responsibly With BetUK Handicap","2","3YO plus","13,190","Standard (AW - Tapeta)","11","4","2","6-65610","Galactic Jack","174 (21J)","D","3","9-6","t","Anthony Charlton","D C Costello",,"94","107","107","107","16/1","132"
150,19,"Southwell","18:00","1m 4f 15y","Always Gamble Responsibly With BetUK Handicap","2","3YO plus","13,190","Standard (AW - Tapeta)","11","5","10","842153","Zealandia (FR)","36","D","6","9-4","p","Ian Williams","Jack Enright","7","88","105","105","105","9/2","130"
151,19,"Southwell","18:00","1m 4f 15y","Always Gamble Responsibly With BetUK Handicap","2","3YO plus","13,190","Standard (AW - Tapeta)","11","6","11","8-85022","Graphite (FR)","20","D","9","9-4","t","Terry Kent","Billy Loughnane",,"88","107","107","107","4/1","130"
152,19,"Southwell","18:00","1m 4f 15y","Always Gamble Responsibly With BetUK Handicap","2","3YO plus","13,190","Standard (AW - Tapeta)","11","7","9","662643","Oneforthegutter","20","D","4","9-3","p","Ian Williams","K T O'Neill",,"87","106","106","107","7/1","129"
153,19,"Southwell","18:00","1m 4f 15y","Always Gamble Responsibly With BetUK Handicap","2","3YO plus","13,190","Standard (AW - Tapeta)","11","8","7","323794","Educator","84",,"4","9-3","","M Appleby","Harry Davies",,"87","106","106","106","6/1","129"
154,19,"Southwell","18:00","1m 4f 15y","Always Gamble Responsibly With BetUK Handicap","2","3YO plus","13,190","Standard (AW - Tapeta)","11","9","4","0-86003","Postmark","15",,"4","8-12","t p","Anthony Charlton","Callum Hutchinson","3","82","100","100","101","20/1","124"
155,19,"Southwell","18:00","1m 4f 15y","Always Gamble Responsibly With BetUK Handicap","2","3YO plus","13,190","Standard (AW - Tapeta)","11","10","5","335074","Furzig","13","D","8","8-11","","R A Fahey","Cam Hardie",,"81","98","99","103","20/1","123"
156,19,"Southwell","18:00","1m 4f 15y","Always Gamble Responsibly With BetUK Handicap","2","3YO plus","13,190","Standard (AW - Tapeta)","11","11","8","086791","Heathen","17","CD","4","8-10","","D O'Meara","Mark Winn","3","80","108","108","108","5/1","122"
157,20,"Southwell","18:30","4f 214y","Find More Big Deals At BetUK Handicap","4","3YO plus","5,129","Standard (AW - Tapeta)","11","1","11","144522","Hiya Maite","17","CD bf","5","9-11","","S R Bowring","Lewis Edmunds",,"87","96","96","100","3/1","137"
158,20,"Southwell","18:30","4f 214y","Find More Big Deals At BetUK Handicap","4","3YO plus","5,129","Standard (AW - Tapeta)","11","2","3","581050","Above (FR)","17","D","6","9-8","t p","R M H Cowell","Billy Loughnane",,"84","90","90","98","16/1","134"
159,20,"Southwell","18:30","4f 214y","Find More Big Deals At BetUK Handicap","4","3YO plus","5,129","Standard (AW - Tapeta)","11","3","8","081626","Strong Johnson","17","D","7","9-7","","P T Midgley","P J McDonald",,"83","95","95","98","12/1","133"
160,20,"Southwell","18:30","4f 214y","Find More Big Deals At BetUK Handicap","4","3YO plus","5,129","Standard (AW - Tapeta)","11","4","5","920633","Crimson Sand","17","D","5","9-5","p","Simon Earle","Aidan Keeley","3","81","96","96","99","7/1","131"
161,20,"Southwell","18:30","4f 214y","Find More Big Deals At BetUK Handicap","4","3YO plus","5,129","Standard (AW - Tapeta)","11","5","2","17-205","Simple Man","88","D","3","9-3","","H Candy","T E Whelan",,"79","83","96","96","12/1","129"
162,20,"Southwell","18:30","4f 214y","Find More Big Deals At BetUK Handicap","4","3YO plus","5,129","Standard (AW - Tapeta)","11","6","10","758478","Conquistador","17","D bf","3","9-2","","S C Williams","Luke Catton","5","78","87","87","98","10/1","128"
163,20,"Southwell","18:30","4f 214y","Find More Big Deals At BetUK Handicap","4","3YO plus","5,129","Standard (AW - Tapeta)","11","7","9","834242","Rose King","7","CD","3","8-11","","S Dixon","Phil Dennis",,"73","97","97","97","5/1","123"
164,20,"Southwell","18:30","4f 214y","Find More Big Deals At BetUK Handicap","4","3YO plus","5,129","Standard (AW - Tapeta)","11","8","1","190631","Captain's Bar","7","CD","4","8-11","b","S Dixon","K T O'Neill",,"73","92","92","92","11/2","123"
165,20,"Southwell","18:30","4f 214y","Find More Big Deals At BetUK Handicap","4","3YO plus","5,129","Standard (AW - Tapeta)","11","9","7","70-0009","Zargun (GER)","7","D","8","8-8","","S Dixon","Elisha Whittington","5","70","77","85","85","33/1","120"
166,20,"Southwell","18:30","4f 214y","Find More Big Deals At BetUK Handicap","4","3YO plus","5,129","Standard (AW - Tapeta)","11","10","6","236414","Stone Of Destiny","7","CD","8","8-7","","M Appleby","Joanna Mason",,"69","96","96","105","7/1","119"
167,20,"Southwell","18:30","4f 214y","Find More Big Deals At BetUK Handicap","4","3YO plus","5,129","Standard (AW - Tapeta)","11","11","4","852926","Honour Your Dreams (FR)","8","D","3","8-6","v","Adrian Keatley","J Quinn",,"68","94","94","100","14/1","118"
168,21,"Southwell","19:00","6f 16y","Build Your Acca With BetUK Handicap","5","3YO plus","3,873","Standard (AW - Tapeta)","12","1","4","352315","Dark Side Thunder","16","CD bf","4","9-11","p","Jessica Macey","Lewis Edmunds",,"77","85","85","85","5/1","137"
169,21,"Southwell","19:00","6f 16y","Build Your Acca With BetUK Handicap","5","3YO plus","3,873","Standard (AW - Tapeta)","12","2","6","291145","Topo Chico","16","D","3","9-10","","David Loughnane","Laura Pearson",,"76","86","86","86","10/1","136"
170,21,"Southwell","19:00","6f 16y","Build Your Acca With BetUK Handicap","5","3YO plus","3,873","Standard (AW - Tapeta)","12","3","11","304656","Beelzebub","78","D","3","9-9","t1","Alice Haynes","K T O'Neill",,"75","88","88","88","25/1","135"
171,21,"Southwell","19:00","6f 16y","Build Your Acca With BetUK Handicap","5","3YO plus","3,873","Standard (AW - Tapeta)","12","4","2","123773","Razzam","44",,"3","9-9","","M Appleby","Alistair Rawlinson",,"75","83","83","90","8/1","135"
172,21,"Southwell","19:00","6f 16y","Build Your Acca With BetUK Handicap","5","3YO plus","3,873","Standard (AW - Tapeta)","12","5","8","106025","Magical Max","21","D","6","9-8","t","Ivan Furtado","T Eaves",,"74","83","83","89","14/1","134"
173,21,"Southwell","19:00","6f 16y","Build Your Acca With BetUK Handicap","5","3YO plus","3,873","Standard (AW - Tapeta)","12","6","10","233205","Airshow","88","CD","8","9-7","h","B R Millman","Oliver Searle","7","73","81","84","89","16/1","133"
174,21,"Southwell","19:00","6f 16y","Build Your Acca With BetUK Handicap","5","3YO plus","3,873","Standard (AW - Tapeta)","12","7","1","388102","Tyke","8","CD","3","9-7","","M Appleby","Callum Hutchinson","3","73","85","85","87","6/1","133"
175,21,"Southwell","19:00","6f 16y","Build Your Acca With BetUK Handicap","5","3YO plus","3,873","Standard (AW - Tapeta)","12","8","7","579101","Snash","17","CD","5","9-5","p","T D Easterby","D Allan",,"71","87","88","92","7/1","131"
176,21,"Southwell","19:00","6f 16y","Build Your Acca With BetUK Handicap","5","3YO plus","3,873","Standard (AW - Tapeta)","12","9","3","220-6","Nammos","16",,"3","9-5","","Jane Chapple-Hyam","Benoit D L Sayette",,"71","78","78","78","14/1","131"
177,21,"Southwell","19:00","6f 16y","Build Your Acca With BetUK Handicap","5","3YO plus","3,873","Standard (AW - Tapeta)","12","10","12","404263","Jeans Maite","17","C","7","9-2","","S R Bowring","Ben Sanderson","3","68","87","87","87","8/1","128"
178,21,"Southwell","19:00","6f 16y","Build Your Acca With BetUK Handicap","5","3YO plus","3,873","Standard (AW - Tapeta)","12","11","9","740411","Wee Fat Mac","13","D","4","9-1","t","I Jardine","A Mullen",,"67","85","85","85","11/2","127"
179,21,"Southwell","19:00","6f 16y","Build Your Acca With BetUK Handicap","5","3YO plus","3,873","Standard (AW - Tapeta)","12","12","5","667461","Water Of Leith","8","D C","5","8-10","","J S Goldie","Mark Winn","3","62","83","83","98","8/1","122"
180,22,"Southwell","19:30","6f 16y","Boost Your Acca-Fenwa With BetUK Classified Stakes","6","2YO plus","3,140","Standard (AW - Tapeta)","12","1","11","53-80","Cloud Cuckoo","227",,"4","9-12","","H Candy","T E Whelan",,"53","55","55","55","10/1","138"
181,22,"Southwell","19:30","6f 16y","Boost Your Acca-Fenwa With BetUK Classified Stakes","6","2YO plus","3,140","Standard (AW - Tapeta)","12","2","6","5340","Elizabeth's Joy","35",,"3","9-12","","Mrs A Duffield","D Allan",,"55","65","65","65","20/1","138"
182,22,"Southwell","19:30","6f 16y","Boost Your Acca-Fenwa With BetUK Classified Stakes","6","2YO plus","3,140","Standard (AW - Tapeta)","12","3","3","632632","Smasher","18",,"3","9-12","","M J Attwater","Paddy Bradley","3","53","63","63","63","4/1","138"
183,22,"Southwell","19:30","6f 16y","Boost Your Acca-Fenwa With BetUK Classified Stakes","6","2YO plus","3,140","Standard (AW - Tapeta)","12","4","1","952465","Tantastic","177","C","5","9-12","","T Coyle","T Eaves",,"47","47","50","57","12/1","138"
184,22,"Southwell","19:30","6f 16y","Boost Your Acca-Fenwa With BetUK Classified Stakes","6","2YO plus","3,140","Standard (AW - Tapeta)","12","5","7","8-70008","Toptime","84","CD","5","9-12","","S R Bowring","Lewis Edmunds",,"48","40","40","57","16/1","138"
185,22,"Southwell","19:30","6f 16y","Boost Your Acca-Fenwa With BetUK Classified Stakes","6","2YO plus","3,140","Standard (AW - Tapeta)","12","6","2","222556","Wrath Of Hector","123","D C","6","9-12","","Jessica Macey","Ben Sanderson","3","47","47","51","62","12/1","138"
186,22,"Southwell","19:30","6f 16y","Boost Your Acca-Fenwa With BetUK Classified Stakes","6","2YO plus","3,140","Standard (AW - Tapeta)","12","7","9","0601","Rusheen Boy","7","CD","2","9-1","t h","Miss J Feilden","Dylan Hogan",,"65","86","86","86","7/4","127"
187,22,"Southwell","19:30","6f 16y","Boost Your Acca-Fenwa With BetUK Classified Stakes","6","2YO plus","3,140","Standard (AW - Tapeta)","12","8","10","024516","Amroon","24","D","2","8-9","t","M Botti","Harry Davies",,"55","81","81","81","5/1","121"
188,22,"Southwell","19:30","6f 16y","Boost Your Acca-Fenwa With BetUK Classified Stakes","6","2YO plus","3,140","Standard (AW - Tapeta)","12","9","5","706860","Dash Power","7",,"2","8-9","p1","D C Griffiths","K T O'Neill",,"46","66","66","74","50/1","121"
189,22,"Southwell","19:30","6f 16y","Boost Your Acca-Fenwa With BetUK Classified Stakes","6","2YO plus","3,140","Standard (AW - Tapeta)","12","10","12","5970","Falmouth Boy","22",,"2","8-9","","A W Carroll","Molly Gunn","7","54","77","77","77","12/1","121"
190,22,"Southwell","19:30","6f 16y","Boost Your Acca-Fenwa With BetUK Classified Stakes","6","2YO plus","3,140","Standard (AW - Tapeta)","12","11","4","9960","Nassau Bay","24",,"2","8-9","p1","Ivan Furtado","Cam Hardie",,"53","77","77","77","25/1","121"
191,22,"Southwell","19:30","6f 16y","Boost Your Acca-Fenwa With BetUK Classified Stakes","6","2YO plus","3,140","Standard (AW - Tapeta)","12","12","8","860","Nevzilla","135",,"2","8-9","","Craig Lidster","William Pyle","5","44","60","60","60","33/1","121"
192,23,"Leopardstown (IRE)","12:00","2m 5f 70y","Adare Manor Opportunity Handicap Chase (0-123)",,"4YO plus","11,999","Soft","16","1",,"U134-0P","Temptationinmilan","13",,"7","11-12","p","C Byrnes","R J Condon","2","119","126","126","126","20/1","166"
193,23,"Leopardstown (IRE)","12:00","2m 5f 70y","Adare Manor Opportunity Handicap Chase (0-123)",,"4YO plus","11,999","Soft","16","2",,"201115","Paidi's Passion","49","D","7","11-11","","D M Christie","C P Millar","4","118","122","122","122","10/1","165"
194,23,"Leopardstown (IRE)","12:00","2m 5f 70y","Adare Manor Opportunity Handicap Chase (0-123)",,"4YO plus","11,999","Soft","16","3",,"45-6345","Archies Charm","29",,"8","11-9","b1","B R Hamilton","T P Harney","4","116","127","127","133","7/1","163"
195,23,"Leopardstown (IRE)","12:00","2m 5f 70y","Adare Manor Opportunity Handicap Chase (0-123)",,"4YO plus","11,999","Soft","16","4",,"555-908","Jacksons Gold","33",,"9","11-9","","Ms Curran","J G Gilligan","4","116","0","0","0","14/1","163"
196,23,"Leopardstown (IRE)","12:00","2m 5f 70y","Adare Manor Opportunity Handicap Chase (0-123)",,"4YO plus","11,999","Soft","16","5",,"035PP-4","Serenity Grove","40",,"7","11-9","t","Gearoid O'loughlin","C Brassil",,"116","0","0","0","50/1","163"
197,23,"Leopardstown (IRE)","12:00","2m 5f 70y","Adare Manor Opportunity Handicap Chase (0-123)",,"4YO plus","11,999","Soft","16","6",,"U1P-PP2","Sweet Will","27","D","6","11-7","t h","Emmet Mullins","Conor Clarke","4","114","120","120","122","7/2","161"
198,23,"Leopardstown (IRE)","12:00","2m 5f 70y","Adare Manor Opportunity Handicap Chase (0-123)",,"4YO plus","11,999","Soft","16","7",,"4-94019","Harvey's Quay","48",,"7","11-6","","E J O'Grady","A P Kelly","2","113","124","124","124","14/1","160"
199,23,"Leopardstown (IRE)","12:00","2m 5f 70y","Adare Manor Opportunity Handicap Chase (0-123)",,"4YO plus","11,999","Soft","16","8",,"11355P","Hazelhatch Lady","50","D","6","11-4","","James A Fahey","C D Smithers","4","111","106","106","113","20/1","158"
200,23,"Leopardstown (IRE)","12:00","2m 5f 70y","Adare Manor Opportunity Handicap Chase (0-123)",,"4YO plus","11,999","Soft","16","9",,"7PF6U3","Steppenwolf (FR)","23",,"5","11-4","","G P Cromwell","P M O'Brien","4","111","112","117","117","15/2","158"
201,23,"Leopardstown (IRE)","12:00","2m 5f 70y","Adare Manor Opportunity Handicap Chase (0-123)",,"4YO plus","11,999","Soft","16","10",,"407542","Broken Ice","35","D bf","7","11-3","","G P Cromwell","K E Buckley",,"110","127","127","134","5/1","157"
202,23,"Leopardstown (IRE)","12:00","2m 5f 70y","Adare Manor Opportunity Handicap Chase (0-123)",,"4YO plus","11,999","Soft","16","11",,"2-323PP","Galon De Vauzelle (FR)","41","D","7","11-2","b1","P J Rothwell","P J O'Hanlon",,"109","0","118","127","20/1","156"
203,23,"Leopardstown (IRE)","12:00","2m 5f 70y","Adare Manor Opportunity Handicap Chase (0-123)",,"4YO plus","11,999","Soft","16","12",,"624232","Lake Chad","36","D","8","11-1","","P Fenton","Niall Moore","4","108","127","127","127","10/1","155"
204,23,"Leopardstown (IRE)","12:00","2m 5f 70y","Adare Manor Opportunity Handicap Chase (0-123)",,"4YO plus","11,999","Soft","16","13",,"08-P4P7","Quite Incredible","29",,"7","10-13","","Dermot McLoughlin","M J Molloy","4","106","120","120","120","20/1","153"
205,23,"Leopardstown (IRE)","12:00","2m 5f 70y","Adare Manor Opportunity Handicap Chase (0-123)",,"4YO plus","11,999","Soft","16","14",,"17P6-30","Soloman Lane","48",,"8","10-12","","Martin Hassett","L A McKenna","2","105","123","123","129","16/1","152"
206,23,"Leopardstown (IRE)","12:00","2m 5f 70y","Adare Manor Opportunity Handicap Chase (0-123)",,"4YO plus","11,999","Soft","16","15",,"9F-0563","Nephin Beg","31",,"5","10-9","","Sean Doyle","D J Gilligan","2","102","126","126","126","14/1","149"
207,23,"Leopardstown (IRE)","12:00","2m 5f 70y","Adare Manor Opportunity Handicap Chase (0-123)",,"4YO plus","11,999","Soft","16","16",,"70605P","Squire Ohara","48",,"5","10-2","","A J Martin","J Coen",,"95","113","113","113","16/1","142"
208,24,"Leopardstown (IRE)","12:35","2m 4f","Pigsback.com Maiden Hurdle",,"5YO plus","9,000","Heavy","9","1",,"7-3","Apple's Of Bresil (FR)","41",,"5","11-12","","Barry Connell","M J M O'Sullivan",,"-","0","0","0","9/2","166"
209,24,"Leopardstown (IRE)","12:35","2m 4f","Pigsback.com Maiden Hurdle",,"5YO plus","9,000","Heavy","9","2",,"111-2","Ballyburn","27","bf","5","11-12","","W P Mullins","P Townend",,"-","133","133","133","10/11","166"
210,24,"Leopardstown (IRE)","12:35","2m 4f","Pigsback.com Maiden Hurdle",,"5YO plus","9,000","Heavy","9","3",,"21-22","Cleatus Poolaw","29",,"5","11-12","","G Elliott","J W Kennedy",,"-","111","111","111","7/2","166"
211,24,"Leopardstown (IRE)","12:35","2m 4f","Pigsback.com Maiden Hurdle",,"5YO plus","9,000","Heavy","9","4",,"430","Cloughroe","47",,"5","11-12","","P J Gilligan","D J Gilligan","5","-","57","57","57","50/1","166"
212,24,"Leopardstown (IRE)","12:35","2m 4f","Pigsback.com Maiden Hurdle",,"5YO plus","9,000","Heavy","9","5",,"3/6-7","Coming Up Easy","41",,"5","11-12","t1","H de Bromhead","Rachael Blackmore",,"-","109","109","109","16/1","166"
213,24,"Leopardstown (IRE)","12:35","2m 4f","Pigsback.com Maiden Hurdle",,"5YO plus","9,000","Heavy","9","6",,"400","Ebony Jade","20",,"5","11-12","","J P Dempsey","K M Donoghue",,"-","0","0","0","100/1","166"
214,24,"Leopardstown (IRE)","12:35","2m 4f","Pigsback.com Maiden Hurdle",,"5YO plus","9,000","Heavy","9","7",,"2/","Laurie Blue","628",,"5","11-5","","E D Delany","D J O'Keeffe",,"-","0","0","0","25/1","159"
215,24,"Leopardstown (IRE)","12:35","2m 4f","Pigsback.com Maiden Hurdle",,"5YO plus","9,000","Heavy","9","8",,"98/2","Saddle Her Up","61",,"5","11-5","","Barry J Fitzgerald","S Cleary-Farrell","7","-","120","120","120","8/1","159"
216,24,"Leopardstown (IRE)","12:35","2m 4f","Pigsback.com Maiden Hurdle",,"5YO plus","9,000","Heavy","9","9",,"FF-F","Tell Me This","68",,"5","11-5","","Nina Walsh","P J Carberry",,"-","0","0","0","33/1","159"
217,25,"Leopardstown (IRE)","13:10","2m 4f","BeattheBank.ie Irish EBF Mares Hurdle (Grade 3)","1","4YO plus","24,000","Heavy","10","1",,"1125-12","Magical Zoe","49",,"5","11-3","","H de Bromhead","A P Heskin",,"136","159","159","159","11/2","157"
218,25,"Leopardstown (IRE)","13:10","2m 4f","BeattheBank.ie Irish EBF Mares Hurdle (Grade 3)","1","4YO plus","24,000","Heavy","10","2",,"4F316-1","Risk Belle (FR)","27",,"4","11-3","","W P Mullins","M P Walsh",,"137","149","149","149","4/1","157"
219,25,"Leopardstown (IRE)","13:10","2m 4f","BeattheBank.ie Irish EBF Mares Hurdle (Grade 3)","1","4YO plus","24,000","Heavy","10","3",,"3-11821","Space Tourist","69",,"6","11-3","","W P Mullins","B Hayes",,"-","147","147","147","11/2","157"
220,25,"Leopardstown (IRE)","13:10","2m 4f","BeattheBank.ie Irish EBF Mares Hurdle (Grade 3)","1","4YO plus","24,000","Heavy","10","4",,"C61-621","Double Pink","42","D","6","11-0","h","Daniel G Murphy","M J M O'Sullivan",,"115","140","140","140","25/1","154"
221,25,"Leopardstown (IRE)","13:10","2m 4f","BeattheBank.ie Irish EBF Mares Hurdle (Grade 3)","1","4YO plus","24,000","Heavy","10","5",,"18216-1","Hispanic Moon (FR)","33","D","6","11-0","","H de Bromhead","D J O'Keeffe",,"137","148","148","148","13/2","154"
222,25,"Leopardstown (IRE)","13:10","2m 4f","BeattheBank.ie Irish EBF Mares Hurdle (Grade 3)","1","4YO plus","24,000","Heavy","10","6",,"20P-811","Jetara","17","D","5","11-0","","Mrs J Harrington","J W Kennedy",,"135","155","155","155","5/1","154"
223,25,"Leopardstown (IRE)","13:10","2m 4f","BeattheBank.ie Irish EBF Mares Hurdle (Grade 3)","1","4YO plus","24,000","Heavy","10","7",,"3-11345","Pink In The Park","12",,"6","11-0","","W P Mullins","D E Mullins",,"125","136","143","143","20/1","154"
224,25,"Leopardstown (IRE)","13:10","2m 4f","BeattheBank.ie Irish EBF Mares Hurdle (Grade 3)","1","4YO plus","24,000","Heavy","10","8",,"51500-2","Saylavee","33","D","6","11-0","","W P Mullins","P Townend",,"135","150","150","150","11/2","154"
225,25,"Leopardstown (IRE)","13:10","2m 4f","BeattheBank.ie Irish EBF Mares Hurdle (Grade 3)","1","4YO plus","24,000","Heavy","10","9",,"932-640","Anna Bunina (FR)","26",,"7","10-11","t","J C McConnell","D A Jacob",,"139","141","141","162","8/1","151"
226,25,"Leopardstown (IRE)","13:10","2m 4f","BeattheBank.ie Irish EBF Mares Hurdle (Grade 3)","1","4YO plus","24,000","Heavy","10","10",,"F212F-3","Telmesomethinggirl","228","D","8","10-11","","H de Bromhead","Rachael Blackmore",,"142","0","0","0","8/1","151"
227,26,"Leopardstown (IRE)","13:45","3m 100y","Neville Hotels Novice Chase (Grade 1)","1","4YO plus","60,000","Soft","6","1",,"111R-31","Corbetts Cross","27","D","6","11-10","","Emmet Mullins","M P Walsh",,"-","150","150","150","7/4","164"
228,26,"Leopardstown (IRE)","13:45","3m 100y","Neville Hotels Novice Chase (Grade 1)","1","4YO plus","60,000","Soft","6","2",,"11P4-21","Favori De Champdou (FR)","34","D","8","11-10","","G Elliott","J W Kennedy",,"-","154","154","154","3/1","164"
229,26,"Leopardstown (IRE)","13:45","3m 100y","Neville Hotels Novice Chase (Grade 1)","1","4YO plus","60,000","Soft","6","3",,"214/33-1","Flanking Maneuver","83",,"8","11-10","","N Meade","M J M O'Sullivan",,"-","136","149","149","16/1","164"
230,26,"Leopardstown (IRE)","13:45","3m 100y","Neville Hotels Novice Chase (Grade 1)","1","4YO plus","60,000","Soft","6","4",,"443-913","Flooring Porter","34","D C","8","11-10","t","G P Cromwell","K M Donoghue",,"-","146","146","146","11/4","164"
231,26,"Leopardstown (IRE)","13:45","3m 100y","Neville Hotels Novice Chase (Grade 1)","1","4YO plus","60,000","Soft","6","5",,"1/1561-1","Grangeclare West","47",,"7","11-10","","W P Mullins","P Townend",,"-","145","145","145","9/2","164"
232,26,"Leopardstown (IRE)","13:45","3m 100y","Neville Hotels Novice Chase (Grade 1)","1","4YO plus","60,000","Soft","6","6",,"252457","Tullyhogue Fort","12","D","7","11-10","","J F O'Neill","Mr P J O'Neill",,"95","97","97","103","200/1","164"
233,27,"Leopardstown (IRE)","14:20","2m","Matheson Hurdle (Grade 1)","1","4YO plus","90,000","Heavy","4","1",,"F11013","Fils D'oudairies (FR)","34","D C","8","11-12","","G Elliott","J W Kennedy",,"148","156","156","156","66/1","166"
234,27,"Leopardstown (IRE)","14:20","2m","Matheson Hurdle (Grade 1)","1","4YO plus","90,000","Heavy","4","2",,"1/1111-2","Impaire Et Passe (FR)","26","D bf","5","11-12","","W P Mullins","D A Jacob",,"160","162","167","167","7/2","166"
235,27,"Leopardstown (IRE)","14:20","2m","Matheson Hurdle (Grade 1)","1","4YO plus","90,000","Heavy","4","3",,"11121-1","State Man (FR)","34","CD","6","11-12","","W P Mullins","P Townend",,"166","175","175","175","1/4","166"
236,27,"Leopardstown (IRE)","14:20","2m","Matheson Hurdle (Grade 1)","1","4YO plus","90,000","Heavy","4","4",,"2F141-2","Echoes In Rain (FR)","34","D","7","11-5","t","W P Mullins","D E Mullins",,"153","168","168","168","8/1","159"
237,28,"Leopardstown (IRE)","14:55","2m 4f","Timeless Sash Windows Irish EBF Novice Handicap Hurdle (80-130)",,"4YO plus","15,000","Heavy","13","1",,"541216","Sequestered","42","D","5","12-0","","P J Gilligan","J G Gilligan","7","130","126","126","126","20/1","168"
238,28,"Leopardstown (IRE)","14:55","2m 4f","Timeless Sash Windows Irish EBF Novice Handicap Hurdle (80-130)",,"4YO plus","15,000","Heavy","13","2",,"443211","Yeats Star","34",,"4","11-13","","G Elliott","D J Gilligan","5","129","133","133","133","4/1","167"
239,28,"Leopardstown (IRE)","14:55","2m 4f","Timeless Sash Windows Irish EBF Novice Handicap Hurdle (80-130)",,"4YO plus","15,000","Heavy","13","3",,"125","Barry Lyndon","148",,"5","11-7","","Dermot McLoughlin","C D Maxwell",,"123","131","132","132","20/1","161"
240,28,"Leopardstown (IRE)","14:55","2m 4f","Timeless Sash Windows Irish EBF Novice Handicap Hurdle (80-130)",,"4YO plus","15,000","Heavy","13","4",,"2-510","Sportinthepark","27","D","4","11-7","h","N Meade","Rachael Blackmore",,"123","118","118","118","16/1","161"
241,28,"Leopardstown (IRE)","14:55","2m 4f","Timeless Sash Windows Irish EBF Novice Handicap Hurdle (80-130)",,"4YO plus","15,000","Heavy","13","5",,"7-11","Waterford Whispers","27","D","5","11-7","","H de Bromhead","M P Walsh",,"123","136","136","136","9/2","161"
242,28,"Leopardstown (IRE)","14:55","2m 4f","Timeless Sash Windows Irish EBF Novice Handicap Hurdle (80-130)",,"4YO plus","15,000","Heavy","13","6",,"3-3U15","Western Fold","27",,"4","11-7","","G Elliott","J W Kennedy",,"123","132","132","132","7/1","161"
243,28,"Leopardstown (IRE)","14:55","2m 4f","Timeless Sash Windows Irish EBF Novice Handicap Hurdle (80-130)",,"4YO plus","15,000","Heavy","13","7",,"3315","Mount Sinai","17","D","5","11-5","","W P Mullins","P Townend",,"121","127","127","127","15/2","159"
244,28,"Leopardstown (IRE)","14:55","2m 4f","Timeless Sash Windows Irish EBF Novice Handicap Hurdle (80-130)",,"4YO plus","15,000","Heavy","13","8",,"140","Ochocinco","27","D","5","11-0","","Colm A Murphy","L A McKenna","5","116","115","121","121","16/1","154"
245,28,"Leopardstown (IRE)","14:55","2m 4f","Timeless Sash Windows Irish EBF Novice Handicap Hurdle (80-130)",,"4YO plus","15,000","Heavy","13","9",,"475-321","Champagne Admiral","38",,"5","10-13","","P A Fahy","M J M O'Sullivan",,"115","132","132","132","6/1","153"
246,28,"Leopardstown (IRE)","14:55","2m 4f","Timeless Sash Windows Irish EBF Novice Handicap Hurdle (80-130)",,"4YO plus","15,000","Heavy","13","10",,"043-551","Petit King (FR)","17","D","7","10-10","","E Cawley","J J Slevin",,"112","133","133","133","10/1","150"
247,28,"Leopardstown (IRE)","14:55","2m 4f","Timeless Sash Windows Irish EBF Novice Handicap Hurdle (80-130)",,"4YO plus","15,000","Heavy","13","11",,"1-04158","Quarry Rocco","48",,"5","10-9","","P J Rothwell","D J O'Keeffe",,"111","117","138","138","16/1","149"
248,28,"Leopardstown (IRE)","14:55","2m 4f","Timeless Sash Windows Irish EBF Novice Handicap Hurdle (80-130)",,"4YO plus","15,000","Heavy","13","12",,"85825-","Linden Arden","255",,"5","10-7","","W P Mullins","B Hayes",,"109","142","142","142","12/1","147"
249,28,"Leopardstown (IRE)","14:55","2m 4f","Timeless Sash Windows Irish EBF Novice Handicap Hurdle (80-130)",,"4YO plus","15,000","Heavy","13","13",,"600-3","Must Go Now","36",,"6","10-0","","E Cawley","S F O'Keeffe",,"102","131","131","131","16/1","140"
250,29,"Leopardstown (IRE)","15:25","2m","Plusvital Flat Race",,"4YO plus","11,999","Heavy","10","1",,"21","Big Dee","48","D","4","12-0","","E McCarthy","Mr J C Barry","3","-","116","116","116","13/2","168"
251,29,"Leopardstown (IRE)","15:25","2m","Plusvital Flat Race",,"4YO plus","11,999","Heavy","10","2",,"14","Glowing Account (FR)","75","D bf","6","12-0","","W P Mullins","Miss J Townend",,"-","123","123","123","6/1","168"
252,29,"Leopardstown (IRE)","15:25","2m","Plusvital Flat Race",,"4YO plus","11,999","Heavy","10","3",,"1-1","Jalon D'oudairies (FR)","27","D","4","12-0","","G Elliott","Mr H C Swan","5","-","115","115","115","7/2","168"
253,29,"Leopardstown (IRE)","15:25","2m","Plusvital Flat Race",,"4YO plus","11,999","Heavy","10","4",,"1","Luckinthecity","102","D","4","12-0","","W P Mullins","Mr C Mullins","7","-","111","111","111","4/1","168"
254,29,"Leopardstown (IRE)","15:25","2m","Plusvital Flat Race",,"4YO plus","11,999","Heavy","10","5",,"10/2-","Redemption Day","611","CD","6","12-0","","W P Mullins","Mr P W Mullins",,"126","0","0","0","6/1","168"
255,29,"Leopardstown (IRE)","15:25","2m","Plusvital Flat Race",,"4YO plus","11,999","Heavy","10","6",,"1-41","The Passing Wife","33","D","4","12-0","","G P Cromwell","Mr D G Lavery",,"-","114","114","114","6/1","168"
256,29,"Leopardstown (IRE)","15:25","2m","Plusvital Flat Race",,"4YO plus","11,999","Heavy","10","7",,"F","Eastbank Warrior","236",,"5","11-7","","Jonathan Sweeney","Mr R W Barron","5","-","0","0","0","50/1","161"
257,29,"Leopardstown (IRE)","15:25","2m","Plusvital Flat Race",,"4YO plus","11,999","Heavy","10","8",,,"Garswood Gold",,,"4","11-7","","P J Gilligan","Mr J H Williamson","7","-","0","0","0","150/1","161"
258,29,"Leopardstown (IRE)","15:25","2m","Plusvital Flat Race",,"4YO plus","11,999","Heavy","10","9",,"231","Ma Belle Etoile","38","D","4","11-7","","J & T Kiely","Mr J L Gleeson","5","-","119","119","119","8/1","161"
259,29,"Leopardstown (IRE)","15:25","2m","Plusvital Flat Race",,"4YO plus","11,999","Heavy","10","10",,"221","Switch From Diesel","89","D","4","11-7","","S Fahey","Mr T Hamilton",,"-","115","115","115","10/1","161"
260,30,"Limerick (IRE)","12:20","2m 6f 120y","Geary's Garage Veterans Handicap Chase",,"10YO plus","9,000","Heavy","5","1",,"4940/P6","Ex Patriot","13","C","10","11-12","","Ellmarie Holden","H Morgan",,"123","101","101","101","13/2","166"
261,30,"Limerick (IRE)","12:20","2m 6f 120y","Geary's Garage Veterans Handicap Chase",,"10YO plus","9,000","Heavy","5","2",,"846PP3","The Dabbler","12","D","10","11-5","p","L P Cusack","K Callaghan","5","116","0","123","139","5/1","159"
262,30,"Limerick (IRE)","12:20","2m 6f 120y","Geary's Garage Veterans Handicap Chase",,"10YO plus","9,000","Heavy","5","3",,"B74-904","Fiveaftermidnight","95","D","10","10-12","b","P J Rothwell","S D Torrens",,"109","127","127","127","11/4","152"
263,30,"Limerick (IRE)","12:20","2m 6f 120y","Geary's Garage Veterans Handicap Chase",,"10YO plus","9,000","Heavy","5","4",,"U39-P65","Space Cadet","27",,"13","10-9","b","Gearoid O'loughlin","R A Doyle",,"106","133","133","133","4/1","149"
264,30,"Limerick (IRE)","12:20","2m 6f 120y","Geary's Garage Veterans Handicap Chase",,"10YO plus","9,000","Heavy","5","5",,"9646-74","R'evelyn Pleasure","12",,"11","10-8","","S O O'Brien","M M McDonagh","3","105","131","133","133","2/1","148"
265,31,"Limerick (IRE)","12:55","2m 6f 120y","Limerick Racecourse Vets Novice Handicap Chase (0-109)",,"4YO plus","6,900","Heavy","13","1",,"4F6-323","Rolly Bowley Boy","3",,"6","12-0","v","Ciaran M Murphy","E Walsh",,"109","116","116","116","7/1","168"
266,31,"Limerick (IRE)","12:55","2m 6f 120y","Limerick Racecourse Vets Novice Handicap Chase (0-109)",,"4YO plus","6,900","Heavy","13","2",,"3523-P1","Baldur's Gate","43",,"8","11-11","","Miss O'Shea","S W Flanagan",,"106","120","120","120","9/4","165"
267,31,"Limerick (IRE)","12:55","2m 6f 120y","Limerick Racecourse Vets Novice Handicap Chase (0-109)",,"4YO plus","6,900","Heavy","13","3",,"1546-66","Dr Val","33",,"5","11-4","p","E Sheehy","G Brouder","5","99","0","0","0","14/1","158"
268,31,"Limerick (IRE)","12:55","2m 6f 120y","Limerick Racecourse Vets Novice Handicap Chase (0-109)",,"4YO plus","6,900","Heavy","13","4",,"69B6-12","Evies Vladimir","3","bf","6","11-4","","G P Cromwell","C Stone-Walsh","5","99","110","110","110","4/1","158"
269,31,"Limerick (IRE)","12:55","2m 6f 120y","Limerick Racecourse Vets Novice Handicap Chase (0-109)",,"4YO plus","6,900","Heavy","13","5",,"1-955P0","Hot As Pepper","31",,"7","11-1","t","J C McConnell","B W Harvey",,"96","65","65","65","20/1","155"
270,31,"Limerick (IRE)","12:55","2m 6f 120y","Limerick Racecourse Vets Novice Handicap Chase (0-109)",,"4YO plus","6,900","Heavy","13","6",,"410-599","Bushmans Pass","34",,"7","10-12","","O McKiernan","P T Enright",,"93","88","88","88","12/1","152"
271,31,"Limerick (IRE)","12:55","2m 6f 120y","Limerick Racecourse Vets Novice Handicap Chase (0-109)",,"4YO plus","6,900","Heavy","13","7",,"6-03062","Lady Kate","12",,"6","10-12","","R Hackett","S D Torrens",,"93","113","113","113","7/1","152"
272,31,"Limerick (IRE)","12:55","2m 6f 120y","Limerick Racecourse Vets Novice Handicap Chase (0-109)",,"4YO plus","6,900","Heavy","13","8",,"33-678","Soldier Of Honour","36",,"6","10-12","t1 p1","E McCarthy","G B Noonan","5","93","103","103","103","20/1","152"
273,31,"Limerick (IRE)","12:55","2m 6f 120y","Limerick Racecourse Vets Novice Handicap Chase (0-109)",,"4YO plus","6,900","Heavy","13","9",,"5304-2P","Da Big Fella","43",,"9","10-4","t","Eamon Courtney","Sam Ewing",,"85","113","113","113","10/1","144"
274,31,"Limerick (IRE)","12:55","2m 6f 120y","Limerick Racecourse Vets Novice Handicap Chase (0-109)",,"4YO plus","6,900","Heavy","13","10",,"75864-0","Seangoell","17","D C","9","10-4","t p","Norman Lee","S O'Callaghan","5","85","124","124","124","12/1","144"
275,31,"Limerick (IRE)","12:55","2m 6f 120y","Limerick Racecourse Vets Novice Handicap Chase (0-109)",,"4YO plus","6,900","Heavy","13","11",,"2P3F-70","Starlight Cato","36",,"6","10-3","","Daniel Howard","D King","3","84","91","91","91","50/1","143"
276,31,"Limerick (IRE)","12:55","2m 6f 120y","Limerick Racecourse Vets Novice Handicap Chase (0-109)",,"4YO plus","6,900","Heavy","13","12",,"70P9-78","Mrs Watson","68",,"9","10-2","","Peter Croke","C P McNamara",,"83","0","0","0","33/1","142"
277,31,"Limerick (IRE)","12:55","2m 6f 120y","Limerick Racecourse Vets Novice Handicap Chase (0-109)",,"4YO plus","6,900","Heavy","13","13",,"0-7828P","Will It Be You","31",,"6","10-1","","L P Cusack","R Deegan",,"82","0","0","0","20/1","141"
278,32,"Limerick (IRE)","13:30","2m","QuinnBet Handicap Hurdle (Listed)","1","3YO to 4YO","27,000","Heavy","10","1",,"1104-50","Sir Allen","26","D","4","11-12","","A Slattery","Mr A P Ryan","7","124","111","118","127","16/1","166"
279,32,"Limerick (IRE)","13:30","2m","QuinnBet Handicap Hurdle (Listed)","1","3YO to 4YO","27,000","Heavy","10","2",,"13-1235","Media Naranja","26","CD","4","11-11","","G Elliott","Sam Ewing",,"123","116","116","124","9/2","165"
280,32,"Limerick (IRE)","13:30","2m","QuinnBet Handicap Hurdle (Listed)","1","3YO to 4YO","27,000","Heavy","10","3",,"2-35P40","Morning Soldier","26",,"4","11-6","t1","T Mullins","J B Foley",,"118","129","129","129","14/1","160"
281,32,"Limerick (IRE)","13:30","2m","QuinnBet Handicap Hurdle (Listed)","1","3YO to 4YO","27,000","Heavy","10","4",,"441-U23","Luminous Light","27","D","4","11-4","h","Anthony McCann","S W Flanagan",,"116","133","133","133","4/1","158"
282,32,"Limerick (IRE)","13:30","2m","QuinnBet Handicap Hurdle (Listed)","1","3YO to 4YO","27,000","Heavy","10","5",,"/-232","Whimsy","17",,"4","11-4","","Anthony McCann","J P O'Sullivan","3","116","128","128","128","7/2","158"
283,32,"Limerick (IRE)","13:30","2m","QuinnBet Handicap Hurdle (Listed)","1","3YO to 4YO","27,000","Heavy","10","6",,"242-2","Paradise Lost","29",,"4","11-2","","C O'Brien","S D Torrens",,"114","126","126","126","4/1","156"
284,32,"Limerick (IRE)","13:30","2m","QuinnBet Handicap Hurdle (Listed)","1","3YO to 4YO","27,000","Heavy","10","7",,"47-3756","Your Honor","12","CD","4","11-2","","J A Nash","G Brouder","5","114","112","116","141","16/1","156"
285,32,"Limerick (IRE)","13:30","2m","QuinnBet Handicap Hurdle (Listed)","1","3YO to 4YO","27,000","Heavy","10","8",,"140P-85","Action Motion","17","D","4","11-1","t","Denis Hogan","D King","3","113","98","98","129","16/1","155"
286,32,"Limerick (IRE)","13:30","2m","QuinnBet Handicap Hurdle (Listed)","1","3YO to 4YO","27,000","Heavy","10","9",,"-2338","Mercury Mission","102",,"4","10-11","","M J O'Connor","S Fitzgerald",,"109","128","128","128","14/1","151"
287,32,"Limerick (IRE)","13:30","2m","QuinnBet Handicap Hurdle (Listed)","1","3YO to 4YO","27,000","Heavy","10","10",,"83-188","Ossie's Lodge","20","D","4","10-10","","A J Martin","P T Enright",,"108","116","116","116","10/1","150"
288,33,"Limerick (IRE)","14:05","2m","Parkway Shopping Centre Rated Novice Hurdle",,"4YO plus","6,900","Heavy","8","1",,"450-441","Splashing Out","38","CD","5","12-0","p","E Griffin","P T Smithers","7","116","124","124","124","5/2","168"
289,33,"Limerick (IRE)","14:05","2m","Parkway Shopping Centre Rated Novice Hurdle",,"4YO plus","6,900","Heavy","8","2",,"45271P","The Shantou King","54","D","6","12-0","t p","Aengus King","P T Enright",,"116","121","121","121","11/2","168"
290,33,"Limerick (IRE)","14:05","2m","Parkway Shopping Centre Rated Novice Hurdle",,"4YO plus","6,900","Heavy","8","3",,"210-13","She's A Fine Wine","41","CD","5","11-12","","H de Bromhead","M P O'Connor","3","114","121","121","121","7/2","166"
291,33,"Limerick (IRE)","14:05","2m","Parkway Shopping Centre Rated Novice Hurdle",,"4YO plus","6,900","Heavy","8","4",,"-1246","Rockview Consort","12","D","4","11-10","","J C McConnell","B W Harvey",,"112","118","118","118","9/2","164"
292,33,"Limerick (IRE)","14:05","2m","Parkway Shopping Centre Rated Novice Hurdle",,"4YO plus","6,900","Heavy","8","5",,"64026-8","Ages Of Man","34 (21F)",,"5","11-8","p","Anthony McCann","S W Flanagan",,"110","104","123","123","12/1","162"
293,33,"Limerick (IRE)","14:05","2m","Parkway Shopping Centre Rated Novice Hurdle",,"4YO plus","6,900","Heavy","8","6",,"04244-0","Clodders Dream","47",,"5","11-8","","G Elliott","Sam Ewing",,"110","119","120","122","10/1","162"
294,33,"Limerick (IRE)","14:05","2m","Parkway Shopping Centre Rated Novice Hurdle",,"4YO plus","6,900","Heavy","8","7",,"152260","Starman (FR)","27","D","7","11-7","h","Anthony McCann","J P O'Sullivan","3","109","70","123","123","14/1","161"
295,33,"Limerick (IRE)","14:05","2m","Parkway Shopping Centre Rated Novice Hurdle",,"4YO plus","6,900","Heavy","8","8",,"P2/0-43","Ask The Bookie","38",,"6","11-6","","Gillian Scott","D King","3","-","121","121","121","15/2","160"
296,34,"Limerick (IRE)","14:35","2m 3f","Connolly's RED MILLS Irish EBF Auction Maiden Hurdle",,"4YO plus","11,999","Heavy","11","1",,"30-32","Iceberg Theory","42",,"4","11-12","","P Nolan","S W Flanagan",,"-","127","127","127","13/8","166"
297,34,"Limerick (IRE)","14:35","2m 3f","Connolly's RED MILLS Irish EBF Auction Maiden Hurdle",,"4YO plus","11,999","Heavy","11","2",,"1-02","Metalor","35",,"6","11-12","","L P Cusack","R Deegan",,"-","106","106","106","11/2","166"
298,34,"Limerick (IRE)","14:35","2m 3f","Connolly's RED MILLS Irish EBF Auction Maiden Hurdle",,"4YO plus","11,999","Heavy","11","3",,"12-89","Now Is The Hour","98",,"6","11-12","","G P Cromwell","C Stone-Walsh","5","-","81","81","81","25/1","166"
299,34,"Limerick (IRE)","14:35","2m 3f","Connolly's RED MILLS Irish EBF Auction Maiden Hurdle",,"4YO plus","11,999","Heavy","11","4",,"P9","Western Express","57",,"6","11-12","","R O'Leary","R A Doyle",,"-","0","0","0","66/1","166"
300,34,"Limerick (IRE)","14:35","2m 3f","Connolly's RED MILLS Irish EBF Auction Maiden Hurdle",,"4YO plus","11,999","Heavy","11","5",,"3U-11P","La Vega Moon","54",,"5","11-10","p1","J J Hanlon","J S McGarvey",,"-","0","0","0","10/1","164"
301,34,"Limerick (IRE)","14:35","2m 3f","Connolly's RED MILLS Irish EBF Auction Maiden Hurdle",,"4YO plus","11,999","Heavy","11","6",,"7214-44","Magic Sadler","22",,"5","11-10","","Ciaran M Murphy","E Walsh",,"-","101","101","101","10/1","164"
302,34,"Limerick (IRE)","14:35","2m 3f","Connolly's RED MILLS Irish EBF Auction Maiden Hurdle",,"4YO plus","11,999","Heavy","11","7",,"589455","Mount Frisco","3",,"4","11-10","","J P Ryan","P K Donovan","5","100","99","99","99","10/1","164"
303,34,"Limerick (IRE)","14:35","2m 3f","Connolly's RED MILLS Irish EBF Auction Maiden Hurdle",,"4YO plus","11,999","Heavy","11","8",,,"Diduhearabourichie",,,"6","11-8","","J M Burke","D King","3","-","0","0","0","33/1","162"
304,34,"Limerick (IRE)","14:35","2m 3f","Connolly's RED MILLS Irish EBF Auction Maiden Hurdle",,"4YO plus","11,999","Heavy","11","9",,"F-7","Kilbride Hill","12",,"5","11-8","","J P Ryan","L Quinlan","5","-","50","50","50","66/1","162"
305,34,"Limerick (IRE)","14:35","2m 3f","Connolly's RED MILLS Irish EBF Auction Maiden Hurdle",,"4YO plus","11,999","Heavy","11","10",,"411-32P","On Lovers Walk","22",,"6","11-8","t1","G Kelleher","S O'Callaghan","5","-","127","127","127","6/1","162"
306,34,"Limerick (IRE)","14:35","2m 3f","Connolly's RED MILLS Irish EBF Auction Maiden Hurdle",,"4YO plus","11,999","Heavy","11","11",,"364","Thegraveyardbookie","62",,"4","11-8","","E McNamara","C P McNamara",,"-","0","0","0","9/2","162"
307,35,"Limerick (IRE)","15:10","2m 3f","Get In The Game Racing Maiden Hurdle (In Memory Of Andrew McNamara)",,"4YO plus","7,500","Heavy","18","1",,"6-U04","Balally Park","42",,"4","11-12","","T Cooper","D Meyler",,"-","99","99","99","7/1","166"
308,35,"Limerick (IRE)","15:10","2m 3f","Get In The Game Racing Maiden Hurdle (In Memory Of Andrew McNamara)",,"4YO plus","7,500","Heavy","18","2",,"80-P995","Carlas Big Jim","22",,"5","11-12","","L J Archdeacon","Mr C J Shine","7","83","69","69","76","16/1","166"
309,35,"Limerick (IRE)","15:10","2m 3f","Get In The Game Racing Maiden Hurdle (In Memory Of Andrew McNamara)",,"4YO plus","7,500","Heavy","18","3",,"26-64","Doonbeg Don","33",,"5","11-12","","H de Bromhead","M P O'Connor","3","-","105","105","105","8/1","166"
310,35,"Limerick (IRE)","15:10","2m 3f","Get In The Game Racing Maiden Hurdle (In Memory Of Andrew McNamara)",,"4YO plus","7,500","Heavy","18","4",,"4/7-07","Downtheoldbogroad","22",,"5","11-12","","M Hourigan","R P Treacy",,"-","54","54","54","33/1","166"
311,35,"Limerick (IRE)","15:10","2m 3f","Get In The Game Racing Maiden Hurdle (In Memory Of Andrew McNamara)",,"4YO plus","7,500","Heavy","18","5",,"08-84","Jeronimo De L'ouch (FR)","15",,"4","11-12","","Michael G Kennedy","J Coen","5","-","92","92","92","5/1","166"
312,35,"Limerick (IRE)","15:10","2m 3f","Get In The Game Racing Maiden Hurdle (In Memory Of Andrew McNamara)",,"4YO plus","7,500","Heavy","18","6",,"745F-9","Le Fanu","29",,"7","11-12","","Brendan Maurice Walsh","P T Enright",,"-","51","51","51","16/1","166"
313,35,"Limerick (IRE)","15:10","2m 3f","Get In The Game Racing Maiden Hurdle (In Memory Of Andrew McNamara)",,"4YO plus","7,500","Heavy","18","7",,"5-R4","Marciano","229",,"5","11-12","","E J O'Grady","J S McGarvey",,"-","99","99","99","7/1","166"
314,35,"Limerick (IRE)","15:10","2m 3f","Get In The Game Racing Maiden Hurdle (In Memory Of Andrew McNamara)",,"4YO plus","7,500","Heavy","18","8",,"0-540","Midweek Voices","19",,"4","11-12","","E Doyle","C Brassil","5","-","114","114","114","13/2","166"
315,35,"Limerick (IRE)","15:10","2m 3f","Get In The Game Racing Maiden Hurdle (In Memory Of Andrew McNamara)",,"4YO plus","7,500","Heavy","18","9",,"866","Rodney","15",,"4","11-12","p","J J Hanlon","Shane Fenelon","7","-","0","0","0","16/1","166"
316,35,"Limerick (IRE)","15:10","2m 3f","Get In The Game Racing Maiden Hurdle (In Memory Of Andrew McNamara)",,"4YO plus","7,500","Heavy","18","10",,"113-430","Aghmorough Bridge","42",,"7","11-5","","W P Murphy","S D Torrens",,"-","19","19","19","16/1","159"
317,35,"Limerick (IRE)","15:10","2m 3f","Get In The Game Racing Maiden Hurdle (In Memory Of Andrew McNamara)",,"4YO plus","7,500","Heavy","18","11",,"4F-8964","Caughtinaspell","22",,"5","11-5","","Michael G Kennedy","Mr B Barry","7","-","88","97","97","10/1","159"
318,35,"Limerick (IRE)","15:10","2m 3f","Get In The Game Racing Maiden Hurdle (In Memory Of Andrew McNamara)",,"4YO plus","7,500","Heavy","18","12",,"860","Day's A Dawning","61",,"4","11-5","","G Elliott","Sam Ewing",,"-","0","0","0","10/1","159"
319,35,"Limerick (IRE)","15:10","2m 3f","Get In The Game Racing Maiden Hurdle (In Memory Of Andrew McNamara)",,"4YO plus","7,500","Heavy","18","13",,"8909-67","Double Dating","38",,"5","11-5","","G Elliott","B Le Clerc",,"88","93","93","96","10/1","159"
320,35,"Limerick (IRE)","15:10","2m 3f","Get In The Game Racing Maiden Hurdle (In Memory Of Andrew McNamara)",,"4YO plus","7,500","Heavy","18","14",,"21-1600","Imperial Fox","36",,"5","11-5","","Padraig Butler","S W Flanagan",,"-","81","81","81","50/1","159"
321,35,"Limerick (IRE)","15:10","2m 3f","Get In The Game Racing Maiden Hurdle (In Memory Of Andrew McNamara)",,"4YO plus","7,500","Heavy","18","15",,"80P-008","Janverlil","169",,"5","11-5","t","E McNamara","C P McNamara",,"80","77","77","77","14/1","159"
322,35,"Limerick (IRE)","15:10","2m 3f","Get In The Game Racing Maiden Hurdle (In Memory Of Andrew McNamara)",,"4YO plus","7,500","Heavy","18","16",,"2172-35","Ma Hoey","222",,"7","11-5","t","E McCarthy","G B Noonan","5","-","0","0","0","12/1","159"
323,35,"Limerick (IRE)","15:10","2m 3f","Get In The Game Racing Maiden Hurdle (In Memory Of Andrew McNamara)",,"4YO plus","7,500","Heavy","18","17",,"-F00","Meoulflower","20",,"4","11-5","","P Cluskey","Thomas Reilly","7","-","69","69","69","50/1","159"
324,35,"Limerick (IRE)","15:10","2m 3f","Get In The Game Racing Maiden Hurdle (In Memory Of Andrew McNamara)",,"4YO plus","7,500","Heavy","18","18",,"0-0P9","Silverfort Lady","15",,"4","11-5","","J M Burke","Niall Moore","7","-","54","54","54","50/1","159"
325,35,"Limerick (IRE)","15:10","2m 3f","Get In The Game Racing Maiden Hurdle (In Memory Of Andrew McNamara)",,"4YO plus","7,500","Heavy","18","19",,"698","Ashdale Flyer","15",,"4","11-5","p1","Mrs J Harrington","Reserve 1",,"-","100","100","100","-","159"
326,36,"Limerick (IRE)","15:42","2m 3f","QuinnBet Handicap Hurdle (80-102)",,"3YO plus","6,300","Heavy","18","1",,"40317-1","Johngus","2","C","9","12-7","(ex7)","S Aherne","Mr S Tobin","7","102","112","112","112","13/2","175"
327,36,"Limerick (IRE)","15:42","2m 3f","QuinnBet Handicap Hurdle (80-102)",,"3YO plus","6,300","Heavy","18","2",,"1-048","Idol (FR)","57",,"5","11-9","","S Curling","P T Enright",,"97","99","99","99","12/1","163"
328,36,"Limerick (IRE)","15:42","2m 3f","QuinnBet Handicap Hurdle (80-102)",,"3YO plus","6,300","Heavy","18","3",,"62FR00/","Maid In Manhattan","990 (978F)",,"9","11-9","","Darren Collins","P J O'Hanlon","3","97","0","0","0","33/1","163"
329,36,"Limerick (IRE)","15:42","2m 3f","QuinnBet Handicap Hurdle (80-102)",,"3YO plus","6,300","Heavy","18","4",,"832244","Natural Breeze","22","D","8","11-4","b1","P J Rothwell","C Owens","7","92","98","106","106","5/1","158"
330,36,"Limerick (IRE)","15:42","2m 3f","QuinnBet Handicap Hurdle (80-102)",,"3YO plus","6,300","Heavy","18","5",,"049P-14","St Denis's Well","3",,"5","11-4","t","Ian Donoghue","Caragh Monaghan","7","92","107","107","107","3/1","158"
331,36,"Limerick (IRE)","15:42","2m 3f","QuinnBet Handicap Hurdle (80-102)",,"3YO plus","6,300","Heavy","18","6",,"4-66036","Young Fitzy","15",,"8","11-3","t p","Norman Lee","R P Geoghegan","7","91","99","99","105","11/2","157"
332,36,"Limerick (IRE)","15:42","2m 3f","QuinnBet Handicap Hurdle (80-102)",,"3YO plus","6,300","Heavy","18","7",,"336-506","Another Ocana","38",,"6","11-2","","L J Archdeacon","E Walsh",,"90","80","104","104","8/1","156"
333,36,"Limerick (IRE)","15:42","2m 3f","QuinnBet Handicap Hurdle (80-102)",,"3YO plus","6,300","Heavy","18","8",,"0-9P800","Fireworks (FR)","121",,"5","10-13","","J J Hanlon","Sam Ewing",,"87","100","100","101","33/1","153"
334,36,"Limerick (IRE)","15:42","2m 3f","QuinnBet Handicap Hurdle (80-102)",,"3YO plus","6,300","Heavy","18","9",,"P-4709","Imbolc","15",,"5","10-13","","E Sheehy","S W Flanagan",,"87","89","89","92","14/1","153"
335,36,"Limerick (IRE)","15:42","2m 3f","QuinnBet Handicap Hurdle (80-102)",,"3YO plus","6,300","Heavy","18","10",,"0604","The Flying Donkey","31",,"5","10-13","","James Dullea","J S McGarvey",,"87","102","102","102","12/1","153"
336,36,"Limerick (IRE)","15:42","2m 3f","QuinnBet Handicap Hurdle (80-102)",,"3YO plus","6,300","Heavy","18","11",,"0080","Askwell","29",,"4","10-12","","E McNamara","C P McNamara",,"86","80","80","80","50/1","152"
337,36,"Limerick (IRE)","15:42","2m 3f","QuinnBet Handicap Hurdle (80-102)",,"3YO plus","6,300","Heavy","18","12",,"700-880","I'm For Home","17",,"5","10-12","","R K Watson","D Meyler",,"86","98","98","98","50/1","152"
338,36,"Limerick (IRE)","15:42","2m 3f","QuinnBet Handicap Hurdle (80-102)",,"3YO plus","6,300","Heavy","18","13",,"0000-40","Thelonglad","19",,"5","10-12","","M J McDonagh","P K Donovan","5","86","103","103","103","20/1","152"
339,36,"Limerick (IRE)","15:42","2m 3f","QuinnBet Handicap Hurdle (80-102)",,"3YO plus","6,300","Heavy","18","14",,"0000","Five Minutes More","48",,"5","10-11","","R Tyner","R P Treacy",,"85","73","73","73","66/1","151"
340,36,"Limerick (IRE)","15:42","2m 3f","QuinnBet Handicap Hurdle (80-102)",,"3YO plus","6,300","Heavy","18","15",,"F3/9890-","A Nod To Getaway","532",,"6","10-9","t1","Paul O'Flynn","S C Cronin","5","83","0","0","0","66/1","149"
341,36,"Limerick (IRE)","15:42","2m 3f","QuinnBet Handicap Hurdle (80-102)",,"3YO plus","6,300","Heavy","18","16",,"70084-7","Whiskey Lady","31",,"6","10-9","b","Gillian Scott","D King","3","83","107","107","107","10/1","149"
342,36,"Limerick (IRE)","15:42","2m 3f","QuinnBet Handicap Hurdle (80-102)",,"3YO plus","6,300","Heavy","18","17",,"8/637-67","Kate Ill Know","22",,"10","10-7","","D K Budds","Shane Fenelon","7","81","97","97","112","16/1","147"
343,36,"Limerick (IRE)","15:42","2m 3f","QuinnBet Handicap Hurdle (80-102)",,"3YO plus","6,300","Heavy","18","18",,"0P6-1P5","Legacy Of Dreams (FR)","50","D C","8","10-6","","P J Rothwell","S D Torrens",,"80","99","99","99","16/1","146"
344,36,"Limerick (IRE)","15:42","2m 3f","QuinnBet Handicap Hurdle (80-102)",,"3YO plus","6,300","Heavy","18","19",,"577290","Added Bonus","31",,"9","10-6","t p","Brendan Maurice Walsh","Reserve 1",,"80","97","107","107","-","146"
345,36,"Limerick (IRE)","15:42","2m 3f","QuinnBet Handicap Hurdle (80-102)",,"3YO plus","6,300","Heavy","18","20",,"5127-63","Eddies Pride","22",,"9","10-6","t h","Norman Lee","Reserve 2",,"80","102","102","102","-","146"
